date,ticker,city,temp_type,threshold,strike_type,side,entry_mode,price_cents,contracts,entry_cost,model_prob,effective_edge,z_score,sigma_used,source,notes,order_id,placed_at,fill_price_cents,fill_time,fee,result,pnl,brier_score
2026-03-28,KXHIGHTDAL-26MAR28-T58,Dallas,high,58.0,less,yes,MIDWAY,3,1,0.03,0.309,0.279,,,NWS,,784b6d8d-7a4a-4c44-8a59-d832002ba6f1,2026-03-28T17:10:45Z,,,0.0,yes,0.97,
2026-03-28,KXHIGHTHOU-26MAR28-T74,Houston,high,74.0,less,yes,MIDWAY,4,1,0.04,0.309,0.274,,,NWS,,b98cc5fa-2b19-4bf1-ad3d-cd0199202d14,2026-03-28T17:10:45Z,,,0.0,no,-0.04,
2026-03-28,KXHIGHTPHX-26MAR28-T93,Phoenix,high,93.0,less,yes,PASSIVE,4,1,0.04,0.5,0.465,,,NWS,,ccc5ebd9-90d0-4cc5-91f9-578477394c3d,2026-03-28T17:10:45Z,,,0.0,no,-0.04,
2026-03-28,KXHIGHTSATX-26MAR28-T68,San Antonio,high,68.0,less,yes,PASSIVE,4,1,0.04,0.933,0.898,,,NWS,,730e1324-bb7c-4601-ba46-d2e23405a46f,2026-03-28T17:10:45Z,,,0.0,no,-0.04,
2026-03-28,KXLOWTAUS-26MAR28-T56,Austin,low,56.0,greater,no,PASSIVE,74,1,0.26,0.309,-0.436,,,NWS,,94c0f10c-a466-4762-bfd2-6e6338636696,2026-03-28T17:10:45Z,,,0.0,no,0.74,
2026-03-29,KXHIGHTATL-26MAR29-T65,Atlanta,high,65.0,less,yes,MIDWAY,11,1,0.11,0.4487,0.3437,,,NWS,,87a13ea9-35a2-4b61-a7bd-7793cf2a1a10,2026-03-29T12:21:07Z,,,0.0,no,-0.11,
2026-03-29,KXHIGHTATL-26MAR29-T72,Atlanta,high,72.0,greater,yes,MIDWAY,2,1,0.02,0.2194,0.2044,,,NWS,,9b567e1f-da31-4eb7-8ebe-bfadd4249238,2026-03-29T14:53:21Z,,,0.0,no,-0.02,
2026-03-29,KXHIGHTBOS-26MAR29-T46,Boston,high,46.0,less,yes,MIDWAY,2,1,0.02,0.3538,0.3288,,,NWS,,260b3780-caa0-42a5-b654-95d01c9f32f5,2026-03-29T12:37:41Z,,,0.0,no,-0.02,
2026-03-29,KXHIGHTBOS-26MAR29-T53,Boston,high,53.0,greater,yes,MIDWAY,5,1,0.05,0.3085,0.2635,,,NWS,,76c7f9a2-b98f-495a-84c8-28bcea68e2a3,2026-03-29T12:21:20Z,,,0.0,no,-0.05,
2026-03-29,KXHIGHTDAL-26MAR29-T81,Dallas,high,81.0,less,yes,MIDWAY,18,1,0.18,0.5,0.325,,,NWS,,0a46a87c-0a92-4050-b3f7-1d08a4157e92,2026-03-29T12:21:11Z,,,0.0,no,-0.18,
2026-03-29,KXHIGHTDC-26MAR29-T58,Washington DC,high,58.0,less,yes,MIDWAY,3,1,0.03,0.3538,0.3238,,,NWS,,df12c90f-f5be-4579-ad03-35fc200fb5fc,2026-03-29T12:21:13Z,,,0.0,no,-0.03,
2026-03-29,KXHIGHTDC-26MAR29-T65,Washington DC,high,65.0,greater,yes,MIDWAY,2,1,0.02,0.3085,0.2885,,,NWS,,2eccb495-5008-4db2-944e-acfe5014ed33,2026-03-29T12:21:18Z,,,0.0,no,-0.02,
2026-03-29,KXHIGHTDC-26MAR30-T68,Washington DC,high,68.0,less,yes,MIDWAY,14,1,0.14,0.4503,0.3103,,,NWS,,996b5756-e79e-44fd-a15d-0636a1e1b304,2026-03-29T20:11:59Z,,,0.0,no,-0.14,
2026-03-29,KXHIGHTLV-26MAR29-T89,Las Vegas,high,89.0,less,yes,MIDWAY,2,1,0.02,0.3079,0.2929,,,NWS,,e8f0dd54-f6d1-4238-b6ad-85a652a36a69,2026-03-29T16:25:09Z,,,0.0,no,-0.02,
2026-03-29,KXHIGHTLV-26MAR29-T96,Las Vegas,high,96.0,greater,yes,MIDWAY,2,1,0.02,0.3085,0.2935,,,NWS,,7303022b-1e1d-4c0c-b154-bcc28fe8d38b,2026-03-29T13:05:01Z,,,0.0,no,-0.02,
2026-03-29,KXHIGHTLV-26MAR30-T85,Las Vegas,high,85.0,less,yes,MIDWAY,2,1,0.02,0.3079,0.2829,,,NWS,,d7598537-ece0-4735-9d0d-a14bb96f0329,2026-03-29T21:14:22Z,,,0.0,no,-0.02,
2026-03-29,KXHIGHTMIN-26MAR29-T65,Minneapolis,high,65.0,less,yes,MIDWAY,4,1,0.04,0.3538,0.3188,,,NWS,,e0d0c4c9-53be-4ebe-9f6a-81546d3a8670,2026-03-29T12:21:16Z,,,0.0,no,-0.04,
2026-03-29,KXHIGHTMIN-26MAR29-T72,Minneapolis,high,72.0,greater,yes,MIDWAY,4,1,0.04,0.3085,0.2735,,,NWS,,8d56f7ce-5bca-4300-b71c-c5c7772cc341,2026-03-29T12:21:19Z,,,0.0,no,-0.04,
2026-03-29,KXHIGHTMIN-26MAR30-T77,Minneapolis,high,77.0,greater,yes,MIDWAY,6,1,0.06,0.266,0.206,,,NWS,,afb8a978-7cca-448d-bc9f-4c7bdf036505,2026-03-29T17:10:58Z,,,0.0,no,-0.06,
2026-03-29,KXHIGHTNOLA-26MAR29-T74,New Orleans,high,74.0,less,yes,MIDWAY,4,1,0.04,0.3792,0.3342,,,NWS,,c8482411-2459-4885-a076-10ebbdd47423,2026-03-29T12:21:09Z,,,0.0,no,-0.04,
2026-03-29,KXHIGHTOKC-26MAR29-T79,Oklahoma City,high,79.0,less,yes,MIDWAY,4,1,0.04,0.3538,0.3188,,,NWS,,74bb7eef-0bcd-4bff-8c37-5c779da07b8b,2026-03-29T12:21:14Z,,,0.0,no,-0.04,
2026-03-29,KXHIGHTPHX-26MAR29-T95,Phoenix,high,95.0,less,yes,PASSIVE,6,1,0.06,0.5,0.44,,,NWS,,983d9922-d4ae-40a0-8178-5e110355f8e5,2026-03-29T12:21:04Z,,,0.0,no,-0.06,
2026-03-29,KXHIGHTSATX-26MAR29-T81,San Antonio,high,81.0,less,yes,PASSIVE,2,1,0.02,0.4445,0.4195,,,NWS,,5c666018-e3ce-454e-845b-751bcd5e93dd,2026-03-29T12:21:05Z,,,0.0,no,-0.02,
2026-03-29,KXHIGHTSEA-26MAR29-T51,Seattle,high,51.0,greater,yes,MIDWAY,2,1,0.02,0.2571,0.2321,,,NWS,,2f6ac396-de42-41f9-848a-528a11df779a,2026-03-29T12:21:21Z,,,0.0,no,-0.02,
2026-03-29,KXHIGHTSFO-26MAR29-T78,San Francisco,high,78.0,greater,no,MIDWAY,86,1,0.14,0.5,-0.355,,,NWS,,094e29d6-5fda-4498-9f78-6da302a16f6c,2026-03-29T12:21:06Z,,,0.0,yes,-0.14,
2026-03-29,KXHIGHTSFO-26MAR30-T73,San Francisco,high,73.0,greater,no,PASSIVE,56,1,0.44,0.2265,-0.4785,,,NWS,[CALIB BIAS +15¢ NO edge],ba23f9bb-9ae6-45a7-9362-a0ca9d6efac3,2026-03-29T17:09:12Z,,,0.0,no,0.56,
2026-03-29,KXLOWTCHI-26MAR30-T52,Chicago,low,52.0,greater,yes,PASSIVE,38,1,0.38,0.9814,0.6014,,,NWS,,c999ec12-d656-439e-ac09-cb92ec006c37,2026-03-29T21:12:09Z,,,0.0,no,-0.38,
2026-03-29,KXLOWTLAX-26MAR29-T57,Los Angeles,low,57.0,less,no,PASSIVE,48,1,0.52,0.1727,-0.4573,,,NWS,[CALIB BIAS +15¢ NO edge],48e55afa-7f73-4aae-832f-bbaeeeedf706,2026-03-29T12:21:02Z,,,0.0,no,0.48,
2026-03-30,KXHIGHTATL-26MAR30-T72,Atlanta,high,72.0,less,yes,MIDWAY,4,1,0.04,0.3724,0.3374,,,NWS,,1e9036fc-5b90-4818-8a72-b999a40c5f2d,2026-03-30T13:52:54Z,,,0.0,no,-0.04,
2026-03-30,KXHIGHTBOS-26MAR30-T61,Boston,high,61.0,less,yes,PASSIVE,2,1,0.02,0.4469,0.4319,,,NWS,,092fc6c1-8b56-4b2c-b7d2-368d66ea6baa,2026-03-30T13:52:48Z,,,0.0,no,-0.02,
2026-03-30,KXHIGHTBOS-26MAR31-T63,Boston,high,63.0,greater,no,MIDWAY,38,1,0.62,0.0763,-0.3037,,,NWS,[CALIB BIAS +0¢ NO edge],ffe55e49-927f-4658-a9bd-dcc8725fc332,2026-03-30T19:32:48Z,,,0.0,no,0.38,
2026-03-30,KXHIGHTDAL-26MAR30-T83,Dallas,high,83.0,less,yes,MIDWAY,7,1,0.07,0.2796,0.2096,,,NWS,,9faffcb3-818a-4c87-9198-0310f54023ad,2026-03-30T13:52:56Z,,,0.0,no,-0.07,
2026-03-30,KXHIGHTHOU-26MAR30-T82,Houston,high,82.0,less,yes,MIDWAY,4,1,0.04,0.3202,0.2802,,,NWS,,beeadbe5-41b4-4bed-bfed-2f72b28a0e9e,2026-03-30T13:52:56Z,,,0.0,no,-0.04,
2026-03-30,KXHIGHTMIN-26MAR30-T70,Minneapolis,high,70.0,less,yes,MIDWAY,15,1,0.15,0.5,0.35,,,NWS,,1d0b4758-0462-4980-8df4-168185c8d377,2026-03-30T13:52:52Z,,,0.0,no,-0.15,
2026-03-30,KXHIGHTOKC-26MAR30-T84,Oklahoma City,high,84.0,less,yes,PASSIVE,2,1,0.02,0.4485,0.4235,,,NWS,,6b069199-6ad7-4b25-be20-d3ef7f3d3d71,2026-03-30T13:52:49Z,,,0.0,no,-0.02,
2026-03-30,KXHIGHTOKC-26MAR30-T91,Oklahoma City,high,91.0,greater,yes,MIDWAY,2,1,0.02,0.2186,0.2036,,,NWS,,17001377-f540-41a9-8f71-ecb77fb60198,2026-03-30T13:52:57Z,,,0.0,no,-0.02,
2026-03-30,KXHIGHTPHX-26MAR30-T93,Phoenix,high,93.0,less,yes,PASSIVE,2,1,0.02,0.5,0.485,,,NWS,,d675a834-33b2-4d02-a8e2-55dc69a24207,2026-03-30T13:58:10Z,,,0.0,no,-0.02,
2026-03-30,KXHIGHTSATX-26MAR30-T86,San Antonio,high,86.0,less,yes,MIDWAY,11,1,0.11,0.5,0.39,,,NWS,,08b593e7-d566-4009-912d-b7000c2177d3,2026-03-30T13:52:51Z,,,0.0,no,-0.11,
2026-03-30,KXHIGHTSEA-26MAR30-T48,Seattle,high,48.0,less,yes,MIDWAY,10,1,0.1,0.393,0.298,,,NWS,,87dcfa4a-fd9f-4f48-afd0-5a7cca79d20e,2026-03-30T13:52:55Z,,,0.0,no,-0.1,
2026-03-30,KXLOWTAUS-26MAR30-T64,Austin,low,64.0,greater,no,MIDWAY,90,1,0.1,0.5519,-0.3431,,,NWS,,f8904e56-802b-474f-8c0e-f829de5c7dc7,2026-03-30T13:52:53Z,,,0.0,yes,-0.1,
2026-03-30,KXLOWTDEN-26MAR30-T48,Denver,low,48.0,less,yes,PASSIVE,8,1,0.08,0.6579,0.5779,,,NWS,,0a85cf98-66bd-43c9-a04f-e426b89a3fb7,2026-03-30T13:52:47Z,,,0.0,no,-0.08,
2026-03-30,KXLOWTLAX-26MAR31-T59,Los Angeles,low,59.0,greater,no,MIDWAY,49,1,0.51,0.1261,-0.3689,,,NWS,[CALIB BIAS +0¢ NO edge],8144f73f-a299-4309-b87e-64db9fe87230,2026-03-30T18:42:05Z,,,0.0,yes,-0.51,
2026-03-30,KXLOWTNYC-26MAR31-T58,New York City,low,58.0,greater,yes,MIDWAY,48,1,0.48,0.8329,0.3579,,,NWS,,1941181e-413a-465b-971e-ae792588f3c6,2026-03-30T16:31:27Z,,,0.0,yes,0.52,
2026-03-31,KXHIGHTBOS-26APR01-T63,Boston,high,63.0,less,yes,PASSIVE,10,1,0.1,0.7294,0.6344,,,NWS,,e18d783b-f7c0-4615-b4c5-b0fb162df6f9,2026-03-31T19:33:06Z,,,0.0,no,-0.1,
2026-03-31,KXHIGHTBOS-26MAR31-T56,Boston,high,56.0,less,no,PASSIVE,84,1,0.16,0.1268,-0.7182,,,NWS,,77a81e46-2a03-457b-86b0-8e545a2b7625,2026-03-31T17:31:02Z,,,0.0,no,0.84,
2026-03-31,KXLOWTCHI-26MAR31-T43,Chicago,low,43.0,less,yes,PASSIVE,42,1,0.42,0.8444,0.4244,,,NWS,,d4a8513a-81ed-4308-894f-3e2da7ef312e,2026-03-31T13:15:47Z,,,0.0,yes,0.58,
2026-03-31,KXLOWTNYC-26APR01-T52,New York City,low,52.0,less,yes,PASSIVE,4,1,0.04,0.7684,0.7234,,,NWS,,29075c3d-2fc4-4fb9-bd08-62fac80df607,2026-03-31T17:31:01Z,,,0.0,yes,0.96,
2026-04-01,KXHIGHTBOS-26APR01-T70,Boston,high,70.0,greater,no,MIDWAY,43,1,0.57,0.0668,-0.3582,,,NWS,[CALIB BIAS +0¢ NO edge],86d84d92-9823-4284-8be6-febfbfaa6316,2026-04-01T12:21:16Z,,,0.0,yes,-0.57,
2026-04-01,KXHIGHTOKC-26APR01-T81,Oklahoma City,high,81.0,less,no,MIDWAY,32,1,0.68,0.0681,-0.2569,,,NWS,,3baf37eb-f88d-4b11-aa3b-f9950c1afaff,2026-04-01T18:27:26Z,,,0.0,yes,-0.68,
2026-04-01,KXLOWTPHIL-26APR01-T61,Philadelphia,low,61.0,less,yes,PASSIVE,40,1,0.4,0.9092,0.5142,,,NWS,,d6f42c0e-9ced-4cad-907f-598bbd3d8269,2026-04-01T12:21:16Z,,,0.0,yes,0.6,
2026-04-02,KXHIGHTMIN-26APR02-T40,Minneapolis,high,40.0,greater,yes,PASSIVE,2,1,0.02,0.97,0.95,,,METAR↑,day_high=42.8°>40° ✓YES,a181a186-e532-4cb8-ae9b-3bea55177d33,2026-04-02T12:28:00Z,,,0.0,no,-0.02,
2026-04-02,KXLOWTLAX-26APR02-T58,Los Angeles,low,58.0,greater,no,MIDWAY,48,1,0.52,0.2437,-0.3513,,,NWS,[CALIB BIAS +0¢ NO edge],df1f2e54-2d1d-4597-87c1-d86af9f3ce37,2026-04-02T14:08:39Z,,,0.0,yes,-0.52,
2026-04-03,KXHIGHTATL-26APR03-B81.5,Atlanta,high,81.0,between,no,MIDWAY,55,1,0.45,0.2475,-0.3175,0.25,2.0,NWS,[CALIB BIAS +0¢ NO edge],38dc2654-9e40-4a87-9bda-921ee54dcc39,2026-04-03T17:17:37Z,,2026-04-03T17:23:21Z,0.0,no,0.55,
2026-04-03,KXHIGHTBOS-26APR03-B68.5,Boston,high,68.0,between,no,PASSIVE,64,1,0.36,0.0977,-0.5473,-3.25,2.0,NWS,[CALIB BIAS +0¢ NO edge],c50652b8-6c4a-4a6b-a1b0-50f560698dab,2026-04-03T22:18:27Z,,2026-04-03T22:24:56Z,0.0,yes,-0.36,
2026-04-03,KXHIGHTBOS-26APR04-B58.5,Boston,high,58.0,between,no,MIDWAY,33,1,0.67,0.139,-0.256,-0.8333,3.0,NWS,[CALIB BIAS +0¢ NO edge],c35670a6-dc86-49c8-bd95-416953f98ec9,2026-04-04T04:14:26Z,,2026-04-04T04:15:31Z,0.0,no,0.33,
2026-04-03,KXHIGHTBOS-26APR04-B60.5,Boston,high,60.0,between,no,MIDWAY,37,1,0.63,0.0992,-0.3158,-1.5,3.0,NWS,[CALIB BIAS +0¢ NO edge],68d731c0-b0ee-49eb-99f9-d373badcd38c,2026-04-04T04:12:08Z,,2026-04-04T04:19:12Z,0.0,no,0.37,
2026-04-03,KXHIGHTBOS-26APR04-T58,Boston,high,58.0,less,yes,PASSIVE,28,1,0.28,0.7564,0.4814,,,-1.0,2.0,NWS,,,2026-04-04T02:15:00Z,0.0,no,-0.28,
2026-04-03,KXHIGHTDAL-26APR03-B82.5,Dallas,high,82.0,between,no,MIDWAY,47,1,0.53,0.237,-0.258,-0.25,2.0,NWS,[CALIB BIAS +0¢ NO edge],f70e721b-5192-4676-9a6c-dc1bee2242e4,2026-04-03T18:55:19Z,,2026-04-03T19:00:35Z,0.0,no,0.47,
2026-04-03,KXHIGHTDAL-26APR03-B84.5,Dallas,high,84.0,between,no,MIDWAY,52,1,0.48,0.2046,-0.3104,-0.75,2.0,NWS,[CALIB BIAS +0¢ NO edge],a9e1188f-39e9-4c6b-a4d5-a3b4b44cd8d7,2026-04-03T17:17:38Z,,2026-04-03T17:35:44Z,0.0,yes,-0.48,
2026-04-03,KXHIGHTDAL-26APR04-T72,Dallas,high,72.0,less,yes,PASSIVE,26,1,0.26,0.833,0.568,-1.5,2.0,NWS,,396704da-5d7f-4923-9228-2b83bb1d48ab,2026-04-03T21:42:59Z,,2026-04-03T22:15:04Z,0.0,no,-0.26,
2026-04-03,KXHIGHTDC-26APR03-B82.5,Washington DC,high,82.0,between,no,MIDWAY,58,1,0.42,0.2505,-0.3345,-0.25,2.0,NWS,[CALIB BIAS +0¢ NO edge],d9b6154f-5e5a-4966-9927-6564feff1620,2026-04-03T17:17:36Z,,2026-04-03T17:18:12Z,0.0,yes,-0.42,
2026-04-03,KXHIGHTDC-26APR04-B86.5,Washington DC,high,86.0,between,no,MIDWAY,42,1,0.58,0.1624,-0.2576,0.5,3.0,NWS,[CALIB BIAS +0¢ NO edge],6e81e436-20fa-4bb9-aa3c-9548778bbfd1,2026-04-04T04:00:10Z,,2026-04-04T04:05:19Z,0.0,no,0.42,
2026-04-03,KXHIGHTHOU-26APR03-B83.5,Houston,high,83.0,between,no,PASSIVE,75,1,0.25,0.2752,-0.4748,-0.25,2.0,NWS,,259200d6-a48a-448f-8252-eb6ed5fc0dcf,2026-04-03T17:17:32Z,,2026-04-03T17:18:12Z,0.0,no,0.75,
2026-04-03,KXHIGHTHOU-26APR03-B85.5,Houston,high,85.0,between,no,MIDWAY,50,1,0.5,0.1621,-0.3979,-1.25,2.0,NWS,[CALIB BIAS +0¢ NO edge],3213fdb4-4d38-49d3-a6be-7b7557d643ec,2026-04-03T18:32:14Z,,2026-04-03T18:32:45Z,0.0,yes,-0.5,
2026-04-03,KXHIGHTLV-26APR03-B72.5,Las Vegas,high,72.0,between,no,PASSIVE,65,1,0.35,0.03,-0.62,0.25,2.0,METAR↑,day_high=75.2°>73° ✗range | [CALIB BIAS +0¢ NO edge],b5e18f0f-388a-4251-af79-6d94a7ee3b23,2026-04-03T17:17:31Z,,2026-04-03T17:18:12Z,0.0,no,0.65,
2026-04-03,KXHIGHTLV-26APR04-B78.5,Las Vegas,high,78.0,between,no,MIDWAY,57,1,0.43,0.1972,-0.3778,0.1667,3.0,NWS,[CALIB BIAS +0¢ NO edge],60e74712-3ce3-49ce-83f1-fde2d4c9c77e,2026-04-04T04:12:07Z,,2026-04-04T04:12:39Z,0.0,yes,-0.43,
2026-04-03,KXHIGHTMIN-26APR03-B40.5,Minneapolis,high,40.0,between,no,PASSIVE,69,1,0.31,0.2662,-0.4238,-0.25,2.0,NWS,,9d94a789-5ed3-4f88-86f8-6659af89a422,2026-04-03T17:17:33Z,,2026-04-03T17:23:21Z,0.0,yes,-0.31,
2026-04-03,KXHIGHTNOLA-26APR03-B83.5,New Orleans,high,83.0,between,no,MIDWAY,59,1,0.41,0.2557,-0.3643,-0.25,2.0,NWS,[CALIB BIAS +0¢ NO edge],a02c7285-df71-426f-8ddd-6e54136cabad,2026-04-03T18:57:53Z,,2026-04-03T18:58:24Z,0.0,yes,-0.41,
2026-04-03,KXHIGHTNOLA-26APR03-B85.5,New Orleans,high,85.0,between,no,MIDWAY,53,1,0.47,0.1576,-0.3724,-1.25,2.0,NWS,[CALIB BIAS +0¢ NO edge],f1e2fd76-3e64-4b7a-9d07-ae363508f2e4,2026-04-03T17:17:35Z,,2026-04-03T17:18:12Z,0.0,no,0.53,
2026-04-03,KXHIGHTOKC-26APR03-B78.5,Oklahoma City,high,78.0,between,no,MIDWAY,21,1,0.79,0.03,-0.215,0.75,2.0,METAR↑,day_high=80.6°>79° ✗range,50f66d95-b0a8-4930-a328-a0ea55e0e26a,2026-04-03T17:49:08Z,,2026-04-03T18:00:04Z,0.0,no,0.21,
2026-04-03,KXHIGHTOKC-26APR03-B80.5,Oklahoma City,high,80.0,between,no,MIDWAY,51,1,0.49,0.2407,-0.2793,-0.25,2.0,NWS,[CALIB BIAS +0¢ NO edge],b9d9649d-8585-41e8-b0bc-596c9b3637b3,2026-04-03T17:17:39Z,,2026-04-03T17:31:08Z,0.0,yes,-0.49,
2026-04-03,KXHIGHTOKC-26APR03-B82.5,Oklahoma City,high,82.0,between,no,MIDWAY,48,1,0.52,0.1523,-0.3427,-1.25,2.0,NWS,[CALIB BIAS +0¢ NO edge],e21d5f09-80dc-4f4f-90c8-d1204030dd46,2026-04-03T18:01:15Z,,2026-04-03T18:02:47Z,0.0,no,0.48,
2026-04-03,KXHIGHTOKC-26APR03-T78,Oklahoma City,high,78.0,less,no,MIDWAY,10,1,0.9,0.03,-0.075,,,1.0,2.0,METAR↑,day_high=80.6°>78° ✓NO,,2026-04-03T15:08:03Z,0.0,no,0.1,
2026-04-03,KXHIGHTOKC-26APR04-B63.5,Oklahoma City,high,63.0,between,no,MIDWAY,44,1,0.56,0.1762,-0.2588,-0.1667,3.0,NWS,[CALIB BIAS +0¢ NO edge],c9f4dcf4-a191-4e0d-bf06-8afc6e6a7e81,2026-04-04T04:00:09Z,,2026-04-04T04:02:33Z,0.0,yes,-0.56,
2026-04-03,KXHIGHTPHX-26APR03-B88.5,Phoenix,high,88.0,between,no,MIDWAY,56,1,0.44,0.1621,-0.3979,-1.25,2.0,NWS,[CALIB BIAS +0¢ NO edge],8c48ede4-2c0e-4a8e-bc0d-c9788ced9b19,2026-04-03T17:17:34Z,,2026-04-03T17:48:09Z,0.0,yes,-0.44,
2026-04-03,KXHIGHTPHX-26APR04-B90.5,Phoenix,high,90.0,between,no,MIDWAY,50,1,0.5,0.1531,-0.3469,-1.25,2.0,NWS,[CALIB BIAS +0¢ NO edge],be94ae3a-ee8d-4080-b99f-c77bbe2daae5,2026-04-03T21:31:14Z,,2026-04-03T22:07:10Z,0.0,yes,-0.5,
2026-04-03,KXHIGHTSATX-26APR03-B86.5,San Antonio,high,86.0,between,no,MIDWAY,50,1,0.5,0.2385,-0.2665,-0.25,2.0,NWS,[CALIB BIAS +0¢ NO edge],1f9072b8-f840-4771-9c02-0b32a72d62ca,2026-04-03T17:17:40Z,,2026-04-03T17:18:13Z,0.0,no,0.5,
2026-04-03,KXHIGHTSEA-26APR03-B56.5,Seattle,high,56.0,between,no,MIDWAY,51,1,0.49,0.2392,-0.2708,0.25,2.0,NWS,[CALIB BIAS +0¢ NO edge],d485b068-7e64-4673-abb5-ac69e4f20ed5,2026-04-03T19:09:51Z,,2026-04-03T19:15:03Z,0.0,no,0.51,
2026-04-03,KXHIGHTSEA-26APR03-B58.5,Seattle,high,58.0,between,no,MIDWAY,46,1,0.54,0.1964,-0.2636,-0.75,2.0,NWS,[CALIB BIAS +0¢ NO edge],df99b4a8-8d6b-4129-a30f-06e53a0c66c9,2026-04-03T17:25:55Z,,2026-04-03T17:33:42Z,0.0,yes,-0.54,
2026-04-03,KXHIGHTSFO-26APR03-B71.5,San Francisco,high,71.0,between,no,MIDWAY,49,1,0.51,0.2385,-0.2665,0.25,2.0,NWS,[CALIB BIAS +0¢ NO edge],9ccc1ae6-bb9c-4c93-adf6-05aa83f3acd9,2026-04-03T22:30:25Z,,2026-04-03T22:32:09Z,0.0,no,0.49,
2026-04-03,KXHIGHTSFO-26APR03-B73.5,San Francisco,high,73.0,between,no,MIDWAY,45,1,0.55,0.1941,-0.2509,-0.75,2.0,NWS,[CALIB BIAS +0¢ NO edge],1a463c67-5728-451e-9227-501c2c6b0cfe,2026-04-03T17:17:41Z,,2026-04-03T17:23:21Z,0.0,yes,-0.55,
2026-04-03,KXHIGHTSFO-26APR03-T74,San Francisco,high,74.0,greater,no,MIDWAY,46,1,0.54,0.2046,-0.2604,,,-1.0,2.0,NWS,[CALIB BIAS +0¢ NO edge],,2026-04-03T15:10:16Z,0.0,no,0.46,
2026-04-03,KXLOWTCHI-26APR03-B39.5,Chicago,low,39.0,between,no,MIDWAY,43,1,0.57,0.2452,-0.3048,,,0.25,2.0,NWS,[CALIB BIAS +0¢ NO edge],,2026-04-04T02:15:00Z,0.0,yes,-0.57,
2026-04-03,KXLOWTCHI-26APR03-B41.5,Chicago,low,41.0,between,no,MIDWAY,49,1,0.51,0.2362,-0.2538,-0.25,2.0,NWS,[CALIB BIAS +0¢ NO edge],dd44296a-5bd2-49d9-8e5a-336caaa97471,2026-04-03T21:43:00Z,,2026-04-03T21:51:58Z,0.0,no,0.49,
2026-04-03,KXLOWTDEN-26APR04-T28,Denver,low,28.0,less,no,PASSIVE,68,1,0.32,0.1065,-0.5685,2.5,2.0,NWS,,e26f8227-ea9a-44f6-9073-6eb75aa8ae1c,2026-04-03T21:26:26Z,,2026-04-03T21:59:04Z,0.0,yes,-0.32,
2026-04-03,KXLOWTLAX-26APR03-B56.5,Los Angeles,low,56.0,between,no,PASSIVE,76,1,0.24,0.03,-0.725,-0.75,2.0,METAR↓,day_low=55.4°<56° ✗range,e0ca4ec9-ace4-483c-811f-88c9f7a193e9,2026-04-03T17:17:30Z,,2026-04-03T17:20:16Z,0.0,yes,-0.24,
2026-04-03,KXLOWTNYC-26APR04-T46,New York City,low,46.0,less,no,MIDWAY,44,1,0.56,0.122,-0.313,1.5,2.0,NWS,[CALIB BIAS +0¢ NO edge],7007ddab-10da-4dfd-b5bf-2d3854883a9f,2026-04-03T22:53:22Z,,,0.0,yes,-0.56,
2026-04-04,KXHIGHTATL-26APR04-B81.5,Atlanta,high,81.0,between,no,MIDWAY,55,1,0.45,0.2452,-0.3048,0.25,2.0,NWS,[CALIB BIAS +0¢ NO edge],163de596-fa3d-4f75-991e-f6f4eea11b1f,2026-04-04T16:35:54Z,,2026-04-04T16:41:14Z,0.0,no,0.55,
2026-04-04,KXHIGHTATL-26APR04-B83.5,Atlanta,high,83.0,between,no,MIDWAY,56,1,0.44,0.2121,-0.3529,-0.75,2.0,NWS,[CALIB BIAS +0¢ NO edge],a04a756b-bf0b-4c6e-b738-930196a28dbb,2026-04-04T17:59:00Z,,2026-04-04T18:01:27Z,0.0,no,0.56,
2026-04-04,KXHIGHTBOS-26APR04-B62.5,Boston,high,62.0,between,no,PASSIVE,91,1,0.09,0.1386,-0.7714,-2.8333,3.0,NWS,,795144c0-b005-46f9-bd10-083901439eff,2026-04-04T09:54:22Z,,2026-04-04T09:59:09Z,0.0,yes,-0.09,
2026-04-04,KXHIGHTBOS-26APR05-T61,Boston,high,61.0,less,yes,MIDWAY,62,1,0.62,0.9229,0.3079,-2.0,2.0,NWS,,9b3c0a4d-7ea6-44e7-95d5-f27849bfe97b,2026-04-04T19:24:16Z,,2026-04-04T19:28:02Z,0.0,yes,0.38,
2026-04-04,KXHIGHTDAL-26APR04-B72.5,Dallas,high,72.0,between,no,MIDWAY,34,1,0.66,0.03,-0.345,-1.1667,3.0,METAR↑,day_high=80.6°>73° ✗range | [CALIB BIAS +0¢ NO edge],588b1251-8326-47ab-9377-393a9603180c,2026-04-04T05:02:05Z,,2026-04-04T05:07:10Z,0.0,no,0.34,
2026-04-04,KXHIGHTDAL-26APR04-B74.5,Dallas,high,74.0,between,no,MIDWAY,37,1,0.63,0.03,-0.34,-1.8333,3.0,METAR↑,day_high=80.6°>75° ✗range | [CALIB BIAS +0¢ NO edge],8a33eef8-19d2-47bc-aec4-1773a261a73b,2026-04-04T05:01:27Z,,2026-04-04T05:07:10Z,0.0,yes,-0.63,
2026-04-04,KXHIGHTDAL-26APR05-B70.5,Dallas,high,70.0,between,no,MIDWAY,41,1,0.59,0.0997,-0.3153,,,-1.75,2.0,NWS,[CALIB BIAS +0¢ NO edge],,2026-04-05T02:23:10Z,0.0,yes,-0.59,
2026-04-04,KXHIGHTDC-26APR04-B84.5,Washington DC,high,84.0,between,no,PASSIVE,94,1,0.06,0.2691,-0.6759,0.75,2.0,NWS,,3945d74f-ee4f-4b5e-8e9e-c7e4055b7d52,2026-04-04T20:51:32Z,,2026-04-04T20:57:26Z,0.0,yes,-0.06,
2026-04-04,KXHIGHTHOU-26APR04-B81.5,Houston,high,81.0,between,no,MIDWAY,38,1,0.62,0.03,-0.345,0.25,2.0,METAR↑,day_high=82.4°>82° ✗range | [CALIB BIAS +0¢ NO edge],1a954a89-9241-4a52-8ea3-5fe7761a1be6,2026-04-04T19:15:49Z,,2026-04-04T19:24:15Z,0.0,yes,-0.62,
2026-04-04,KXHIGHTHOU-26APR04-B83.5,Houston,high,83.0,between,no,MIDWAY,46,1,0.54,0.1964,-0.2636,-0.75,2.0,NWS,[CALIB BIAS +0¢ NO edge],94149597-1ad4-4d05-b466-85502d663a86,2026-04-04T16:35:55Z,,2026-04-04T16:43:26Z,0.0,no,0.46,
2026-04-04,KXHIGHTMIN-26APR04-B38.5,Minneapolis,high,38.0,between,no,MIDWAY,40,1,0.6,0.03,-0.365,-0.5,3.0,METAR↑,day_high=41.0°>39° ✗range | [CALIB BIAS +0¢ NO edge],1e57c6ec-d7cf-4f75-93df-4725a26a8b3e,2026-04-04T05:01:26Z,,2026-04-04T05:07:10Z,0.0,yes,-0.6,
2026-04-04,KXHIGHTNOLA-26APR04-B82.5,New Orleans,high,82.0,between,no,MIDWAY,49,1,0.51,0.2415,-0.2835,0.25,2.0,NWS,[CALIB BIAS +0¢ NO edge],e9df7aa8-25ea-4590-ab71-8ce2a03d1a4e,2026-04-04T19:14:01Z,,2026-04-04T19:24:15Z,0.0,yes,-0.51,
2026-04-04,KXHIGHTNOLA-26APR04-B84.5,New Orleans,high,84.0,between,no,MIDWAY,41,1,0.59,0.1617,-0.2533,-0.5,3.0,NWS,[CALIB BIAS +0¢ NO edge],fd7d51a8-85b6-40a2-9ec4-5ea41a07b819,2026-04-04T05:49:40Z,,2026-04-04T06:09:16Z,0.0,no,0.41,
2026-04-04,KXHIGHTPHX-26APR05-B94.5,Phoenix,high,94.0,between,no,MIDWAY,46,1,0.54,0.1971,-0.2679,-0.75,2.0,NWS,[CALIB BIAS +0¢ NO edge],6c94aa78-0381-4d73-b32e-34ee0ccf789a,2026-04-05T00:49:59Z,,,0.0,no,0.46,
2026-04-04,KXHIGHTSATX-26APR04-B77.5,San Antonio,high,77.0,between,no,PASSIVE,56,1,0.44,0.03,-0.525,-0.1667,3.0,METAR↑,day_high=78.8°>78° ✗range | [CALIB BIAS +0¢ NO edge],25ae0fd8-bd55-4bff-9470-4fe70ee5f5ef,2026-04-04T07:18:01Z,,2026-04-04T08:09:08Z,0.0,no,0.56,
2026-04-04,KXHIGHTSATX-26APR04-B79.5,San Antonio,high,79.0,between,no,PASSIVE,52,1,0.48,0.0814,-0.4336,-2.75,2.0,NWS,[CALIB BIAS +0¢ NO edge],2d3d8848-2938-4bd5-863c-b8471b36d29c,2026-04-04T16:35:53Z,,2026-04-04T16:41:14Z,0.0,yes,-0.48,
2026-04-04,KXHIGHTSATX-26APR04-B81.5,San Antonio,high,81.0,between,no,PASSIVE,48,1,0.52,0.0714,-0.4036,-3.75,2.0,NWS,[CALIB BIAS +0¢ NO edge],36506640-2a43-4a42-9b12-d177f6c39716,2026-04-04T16:36:58Z,,,0.0,no,0.48,
2026-04-04,KXHIGHTSEA-26APR04-B61.5,Seattle,high,61.0,between,no,MIDWAY,52,1,0.48,0.2046,-0.3104,-0.75,2.0,NWS,[CALIB BIAS +0¢ NO edge],eff04af9-6e73-4c6f-a439-7bdfb402200e,2026-04-04T21:01:02Z,,2026-04-04T21:20:21Z,0.0,no,0.52,
2026-04-04,KXHIGHTSEA-26APR04-B63.5,Seattle,high,63.0,between,no,MIDWAY,46,1,0.54,0.1256,-0.3294,-1.1667,3.0,NWS,[CALIB BIAS +0¢ NO edge],da18b70b-d475-493a-8cca-4c4c522a28b5,2026-04-04T09:54:24Z,,2026-04-04T11:03:03Z,0.0,yes,-0.54,
2026-04-04,KXHIGHTSEA-26APR05-B65.5,Seattle,high,65.0,between,no,MIDWAY,46,1,0.54,0.1478,-0.3172,-1.25,2.0,NWS,[CALIB BIAS +0¢ NO edge],32781159-3962-4e73-8ba5-65ab660aa7b3,2026-04-05T03:07:42Z,,2026-04-05T03:42:38Z,0.0,no,0.46,
2026-04-04,KXHIGHTSFO-26APR04-B76.5,San Francisco,high,76.0,between,no,MIDWAY,50,1,0.5,0.2031,-0.3019,0.75,2.0,NWS,[CALIB BIAS +0¢ NO edge],3c4ad164-a7d7-43ab-994e-94835d88dd26,2026-04-04T23:12:17Z,,2026-04-04T23:12:52Z,0.0,no,0.5,
2026-04-04,KXHIGHTSFO-26APR04-B78.5,San Francisco,high,78.0,between,no,MIDWAY,50,1,0.5,0.2385,-0.2665,-0.25,2.0,NWS,[CALIB BIAS +0¢ NO edge],b5f549cf-2feb-415e-805a-df02e940a745,2026-04-04T21:02:42Z,,2026-04-04T21:03:13Z,0.0,no,0.5,
2026-04-04,KXHIGHTSFO-26APR04-B80.5,San Francisco,high,80.0,between,no,MIDWAY,47,1,0.53,0.1979,-0.2721,-0.75,2.0,NWS,[CALIB BIAS +0¢ NO edge],0031bf8c-c83d-4655-b05f-3ce31a069f18,2026-04-04T16:35:55Z,,2026-04-04T16:41:14Z,0.0,yes,-0.53,
2026-04-04,KXLOWTAUS-26APR04-B57.5,Austin,low,57.0,between,no,PASSIVE,52,1,0.48,0.1154,-0.4046,,,-1.75,2.0,NWS,[CALIB BIAS +0¢ NO edge],,2026-04-05T02:59:25Z,0.0,no,0.52,
2026-04-04,KXLOWTAUS-26APR04-B59.5,Austin,low,59.0,between,no,MIDWAY,10,1,0.9,0.0506,-0.2594,-2.75,2.0,NWS,,6c90817b-c984-42b9-a791-3e78cd2bca80,2026-04-04T23:09:06Z,,2026-04-04T23:21:25Z,0.0,no,0.1,
2026-04-04,KXLOWTCHI-26APR04-T37,Chicago,low,37.0,less,yes,PASSIVE,21,1,0.21,0.7095,0.4995,-0.8333,2.4,NWS,,30d7a6ee-4513-40f7-bf95-82803e378872,2026-04-04T13:13:19Z,,2026-04-04T13:30:41Z,0.0,no,-0.21,
2026-04-04,KXLOWTCHI-26APR05-T37,Chicago,low,37.0,greater,yes,PASSIVE,32,1,0.32,0.7624,0.4474,1.0,2.0,NWS,,5fa4b8fd-2d4b-4189-8d67-8b3283382764,2026-04-05T00:49:59Z,,,0.0,yes,0.68,
2026-04-04,KXLOWTLAX-26APR04-B55.5,Los Angeles,low,55.0,between,no,PASSIVE,92,1,0.08,0.2194,-0.6956,1.0417,2.4,NWS,,07bac4f8-904b-4020-9e0d-6dd057a4e0a5,2026-04-04T13:13:18Z,,2026-04-04T13:30:40Z,0.0,yes,-0.08,
2026-04-04,KXLOWTPHIL-26APR04-T55,Philadelphia,low,55.0,less,no,PASSIVE,80,1,0.2,0.1983,-0.6067,1.3333,3.0,NWS,,7c0b31c1-2249-46c3-a7b2-6188e1a4e4bd,2026-04-04T09:54:23Z,,2026-04-04T09:59:09Z,0.0,yes,-0.2,
2026-04-05,KXHIGHTATL-26APR05-B69.5,Atlanta,high,69.0,between,no,PASSIVE,79,1,0.21,0.03,-0.76,0.625,2.4,METAR↑,day_high=75.2°>70° ✗range,fee8f630-3e4e-48c8-b32e-2b666cb15396,2026-04-05T13:26:48Z,,2026-04-05T13:27:33Z,0.0,no,0.79,
2026-04-05,KXHIGHTATL-26APR05-B71.5,Atlanta,high,71.0,between,no,PASSIVE,86,1,0.14,0.03,-0.835,-0.25,2.0,METAR↑,day_high=75.2°>72° ✗range,08bdd5a6-3763-4b56-9b69-eed7df1531af,2026-04-05T20:10:34Z,,2026-04-05T20:13:34Z,0.0,yes,-0.14,
2026-04-05,KXHIGHTATL-26APR05-T74,Atlanta,high,74.0,greater,yes,PASSIVE,2,1,0.02,0.97,0.945,-1.0,3.0,METAR↑,day_high=75.2°>74° ✓YES,3d1ca238-4b9a-473f-b2a9-4f71df9f6e56,2026-04-05T05:34:34Z,,2026-04-05T07:12:39Z,0.0,no,-0.02,
2026-04-05,KXHIGHTDAL-26APR06-B72.5,Dallas,high,72.0,between,no,MIDWAY,42,1,0.58,0.1418,-0.2832,-1.25,2.0,NWS,[CALIB BIAS +0¢ NO edge],1d1ba12e-86c0-4277-8bcf-45e654d89b53,2026-04-06T00:32:35Z,,2026-04-06T00:48:20Z,0.0,no,0.42,
2026-04-05,KXHIGHTDC-26APR05-B73.5,Washington DC,high,73.0,between,no,PASSIVE,51,1,0.49,0.03,-0.48,-0.2083,2.4,METAR↑,day_high=75.2°>74° ✗range | [CALIB BIAS +0¢ NO edge],3d1138dc-641d-4b19-89c9-d037ff678cb7,2026-04-05T13:26:55Z,,2026-04-05T13:27:34Z,0.0,yes,-0.49,
2026-04-05,KXHIGHTDC-26APR05-B75.5,Washington DC,high,75.0,between,no,MIDWAY,49,1,0.51,0.1647,-0.3853,-1.0417,2.4,NWS,[CALIB BIAS +0¢ NO edge],d86a67b0-fc50-4a35-9a23-ddc79f12af81,2026-04-05T13:34:14Z,,2026-04-05T13:41:31Z,0.0,no,0.49,
2026-04-05,KXHIGHTHOU-26APR05-B67.5,Houston,high,67.0,between,no,MIDWAY,42,1,0.58,0.03,-0.395,1.75,2.0,METAR↑,day_high=71.6°>68° ✗range | [CALIB BIAS +0¢ NO edge],cec0d384-06d7-4339-bc61-e0a9b1690a38,2026-04-05T19:26:04Z,,2026-04-05T19:30:03Z,0.0,yes,-0.58,
2026-04-05,KXHIGHTHOU-26APR05-B69.5,Houston,high,69.0,between,no,MIDWAY,12,1,0.88,0.03,-0.095,0.625,2.4,METAR↑,day_high=71.6°>70° ✗range,4d5ad169-8785-47dc-aded-ae17c6859ef9,2026-04-05T13:27:01Z,,2026-04-05T13:27:34Z,0.0,no,0.12,
2026-04-05,KXHIGHTHOU-26APR05-B71.5,Houston,high,71.0,between,no,MIDWAY,49,1,0.51,0.2225,-0.2675,-0.2273,2.2,NWS,[CALIB BIAS +0¢ NO edge],4abc468f-10f7-495c-90a9-17d3fd750fca,2026-04-05T14:56:49Z,,2026-04-05T15:09:22Z,0.0,no,0.49,
2026-04-05,KXHIGHTLV-26APR05-B83.5,Las Vegas,high,83.0,between,no,MIDWAY,46,1,0.54,0.1855,-0.2795,0.625,2.4,NWS,[CALIB BIAS +0¢ NO edge],7a36e3a3-4e14-4b7e-9b8e-459e76f4b908,2026-04-05T13:26:59Z,,2026-04-05T13:27:34Z,0.0,yes,-0.54,
2026-04-05,KXHIGHTLV-26APR05-B85.5,Las Vegas,high,85.0,between,no,MIDWAY,46,1,0.54,0.2482,-0.3218,-0.25,2.0,NWS,[CALIB BIAS +0¢ NO edge],5ec1b5e4-a486-457a-aeb6-1fbc2f4ff1ee,2026-04-05T21:47:29Z,,2026-04-05T21:48:43Z,0.0,no,0.46,
2026-04-05,KXHIGHTLV-26APR06-B85.5,Las Vegas,high,85.0,between,no,MIDWAY,47,1,0.53,0.1815,-0.2885,0.1667,3.0,NWS,[CALIB BIAS +0¢ NO edge],c5cd9271-c8cd-4b4a-8320-70bb7b2fa224,2026-04-06T04:00:38Z,,2026-04-06T04:05:39Z,0.0,no,0.47,
2026-04-05,KXHIGHTMIN-26APR05-B50.5,Minneapolis,high,50.0,between,no,MIDWAY,39,1,0.61,0.03,-0.36,0.25,2.0,METAR↑,day_high=51.8°>51° ✗range | [CALIB BIAS +0¢ NO edge],9f84500f-2103-41f3-bce2-b5f037e45c1a,2026-04-05T18:10:51Z,,2026-04-05T18:12:22Z,0.0,no,0.39,
2026-04-05,KXHIGHTMIN-26APR05-B52.5,Minneapolis,high,52.0,between,no,MIDWAY,49,1,0.51,0.2009,-0.2891,-0.75,2.0,NWS,[CALIB BIAS +0¢ NO edge],5ce389ac-8d6c-4381-995a-1225429e8f00,2026-04-05T17:00:19Z,,2026-04-05T17:03:51Z,0.0,yes,-0.51,
2026-04-05,KXHIGHTMIN-26APR05-T53,Minneapolis,high,53.0,greater,no,MIDWAY,49,1,0.51,0.2241,-0.3709,-1.0,2.0,NWS,[CALIB BIAS +0¢ NO edge],ba8ae399-11c7-4f0e-86e0-e7344907c5f1,2026-04-05T19:16:47Z,,2026-04-05T19:17:18Z,0.0,no,0.49,
2026-04-05,KXHIGHTMIN-26APR06-B38.5,Minneapolis,high,38.0,between,no,MIDWAY,40,1,0.6,0.1647,-0.2703,-0.5,3.0,NWS,[CALIB BIAS +0¢ NO edge],cb4a8290-d62a-413b-98c5-e665a150cecb,2026-04-06T04:09:42Z,,2026-04-06T04:27:54Z,0.0,no,0.4,
2026-04-05,KXHIGHTNOLA-26APR05-B72.5,New Orleans,high,72.0,between,no,PASSIVE,65,1,0.35,0.03,-0.62,0.2083,2.4,METAR↑,day_high=75.2°>73° ✗range | [CALIB BIAS +0¢ NO edge],37a7509e-7609-4f95-ae7c-f57629378956,2026-04-05T13:26:51Z,,2026-04-05T13:41:31Z,0.0,yes,-0.35,
2026-04-05,KXHIGHTOKC-26APR05-B69.5,Oklahoma City,high,69.0,between,no,MIDWAY,48,1,0.52,0.1885,-0.2965,-0.625,2.4,NWS,[CALIB BIAS +0¢ NO edge],a15ea981-56ac-43e9-9dc4-081acb5392ca,2026-04-05T13:26:58Z,,2026-04-05T13:27:34Z,0.0,yes,-0.52,
2026-04-05,KXHIGHTOKC-26APR06-B72.5,Oklahoma City,high,72.0,between,no,MIDWAY,46,1,0.54,0.1792,-0.2758,-0.1667,3.0,NWS,[CALIB BIAS +0¢ NO edge],26ab6a4f-4872-4f5d-bcbf-fe824f383500,2026-04-06T04:00:39Z,,2026-04-06T04:05:39Z,0.0,yes,-0.54,
2026-04-05,KXHIGHTPHX-26APR05-B96.5,Phoenix,high,96.0,between,no,MIDWAY,45,1,0.55,0.1159,-0.3291,-1.4583,2.4,NWS,[CALIB BIAS +0¢ NO edge],0bc4f967-020b-4f1a-82d5-d25e69d10690,2026-04-05T13:26:57Z,,2026-04-05T13:41:31Z,0.0,yes,-0.55,
2026-04-05,KXHIGHTPHX-26APR06-B88.5,Phoenix,high,88.0,between,no,MIDWAY,40,1,0.6,0.1388,-0.2662,-1.25,2.0,NWS,[CALIB BIAS +0¢ NO edge],ec986cee-8875-41e8-b173-cde137273ba1,2026-04-05T22:42:42Z,,2026-04-05T22:43:32Z,0.0,no,0.4,
2026-04-05,KXHIGHTSATX-26APR05-B62.5,San Antonio,high,62.0,between,no,MIDWAY,12,1,0.88,0.03,-0.115,1.75,2.0,METAR↑,day_high=64.4°>63° ✗range,87bb4c0b-49d6-4bd6-ae94-b5239463dc0b,2026-04-05T19:04:33Z,,2026-04-05T19:06:03Z,0.0,no,0.12,
2026-04-05,KXHIGHTSATX-26APR05-B64.5,San Antonio,high,64.0,between,no,MIDWAY,43,1,0.57,0.1941,-0.2509,0.75,2.0,NWS,[CALIB BIAS +0¢ NO edge],e2698ed7-9c13-4908-b6b5-6e09ee0ad6fa,2026-04-05T17:55:16Z,,2026-04-05T17:57:51Z,0.0,no,0.43,
2026-04-05,KXHIGHTSATX-26APR05-B66.5,San Antonio,high,66.0,between,no,PASSIVE,94,1,0.06,0.3045,-0.6405,-0.25,2.0,NWS,,888bef5e-e42c-4f44-95b0-cc75ea22b8d2,2026-04-05T23:07:39Z,,2026-04-05T23:08:43Z,0.0,yes,-0.06,
2026-04-05,KXHIGHTSATX-26APR05-B68.5,San Antonio,high,68.0,between,no,MIDWAY,40,1,0.6,0.1373,-0.2577,-1.25,2.0,NWS,[CALIB BIAS +0¢ NO edge],708fe19e-b6df-4db2-9143-c5507ee3bb0d,2026-04-05T16:07:45Z,,,0.0,no,0.4,
2026-04-05,KXHIGHTSATX-26APR05-T69,San Antonio,high,69.0,greater,no,MIDWAY,52,1,0.48,0.1686,-0.3564,-1.25,2.4,NWS,[CALIB BIAS +0¢ NO edge],e5f90fb4-9630-4b63-8cf9-79323b888c0b,2026-04-05T13:26:56Z,,2026-04-05T13:27:34Z,0.0,no,0.52,
2026-04-05,KXHIGHTSATX-26APR06-B74.5,San Antonio,high,74.0,between,no,MIDWAY,42,1,0.58,0.1012,-0.3238,-1.75,2.0,NWS,[CALIB BIAS +0¢ NO edge],d0ca6494-3c67-4cbc-bc88-62de88e09698,2026-04-06T00:52:00Z,,,0.0,yes,-0.58,
2026-04-05,KXHIGHTSEA-26APR05-B67.5,Seattle,high,67.0,between,no,MIDWAY,36,1,0.64,0.0922,-0.2728,-1.75,2.0,NWS,[CALIB BIAS +0¢ NO edge],1ffa6a73-c3ab-4e10-b3cb-fb05eeb1a31c,2026-04-05T16:17:44Z,,2026-04-05T16:34:42Z,0.0,yes,-0.64,
2026-04-05,KXHIGHTSEA-26APR06-B70.5,Seattle,high,70.0,between,no,MIDWAY,46,1,0.54,0.1478,-0.3172,-1.25,2.0,NWS,[CALIB BIAS +0¢ NO edge],3b5c2e28-a30b-4af2-b446-30d173a1f856,2026-04-06T02:52:28Z,,2026-04-06T02:53:28Z,0.0,no,0.46,
2026-04-05,KXHIGHTSFO-26APR05-B76.5,San Francisco,high,76.0,between,no,MIDWAY,17,1,0.83,0.03,-0.135,1.75,2.0,METAR↑,day_high=80.6°>77° ✗range,412b1a14-2c1f-4e61-a26a-315e36035f5e,2026-04-05T21:37:32Z,,2026-04-05T21:52:10Z,0.0,no,0.17,
2026-04-05,KXHIGHTSFO-26APR05-B78.5,San Francisco,high,78.0,between,no,MIDWAY,30,1,0.7,0.03,-0.275,0.2083,2.4,METAR↑,day_high=80.6°>79° ✗range,c5f72fc8-723d-4458-8309-daa637320f92,2026-04-05T13:27:00Z,,2026-04-05T13:27:34Z,0.0,no,0.3,
2026-04-05,KXLOWTAUS-26APR05-B47.5,Austin,low,47.0,between,no,MIDWAY,36,1,0.64,0.0703,-0.3047,2.25,2.0,NWS,[CALIB BIAS +0¢ NO edge],2f436f2e-6f9a-4ed8-a767-afb4769ea490,2026-04-06T02:40:14Z,,2026-04-06T02:43:15Z,0.0,no,0.36,
2026-04-05,KXLOWTAUS-26APR05-B49.5,Austin,low,49.0,between,no,MIDWAY,33,1,0.67,0.1388,-0.2662,1.25,2.0,NWS,[CALIB BIAS +0¢ NO edge],29d01876-51e2-4952-bf12-671a90e3406e,2026-04-06T03:08:22Z,,2026-04-06T03:09:22Z,0.0,no,0.33,
2026-04-05,KXLOWTAUS-26APR05-B51.5,Austin,low,51.0,between,no,MIDWAY,45,1,0.55,0.2422,-0.2878,,,0.25,2.0,NWS,[CALIB BIAS +0¢ NO edge],,2026-04-06T02:34:56Z,0.0,yes,-0.55,
2026-04-05,KXLOWTAUS-26APR05-T54,Austin,low,54.0,greater,no,PASSIVE,82,1,0.18,0.2957,-0.5293,-0.8333,2.4,NWS,,2b2211e1-67e4-428c-9221-659b783f341b,2026-04-05T13:26:55Z,,2026-04-05T13:27:33Z,0.0,no,0.82,
2026-04-05,KXLOWTCHI-26APR05-B36.5,Chicago,low,36.0,between,no,MIDWAY,18,1,0.82,0.1877,-0.2923,0.625,2.4,NWS,[CALIB BIAS +0¢ NO edge],3e3abf5f-8c83-46ab-bb34-99d5cdc35e9e,2026-04-05T13:26:58Z,,2026-04-05T13:27:34Z,0.0,no,0.18,
2026-04-05,KXLOWTCHI-26APR06-B33.5,Chicago,low,33.0,between,no,MIDWAY,30,1,0.7,0.0499,-0.2551,-2.75,2.0,NWS,,47362662-2a7e-4906-9ca3-9e717c712e9e,2026-04-06T00:21:47Z,,,,,,
2026-04-05,KXLOWTDEN-26APR05-B31.5,Denver,low,31.0,between,no,PASSIVE,82,1,0.18,0.1471,-0.6679,1.875,2.4,NWS,,21a8d8eb-aef8-480f-b61b-ddb7df1fdadf,2026-04-05T13:26:49Z,,2026-04-05T13:34:14Z,0.0,yes,-0.18,
2026-04-05,KXLOWTLAX-26APR05-B56.5,Los Angeles,low,56.0,between,no,PASSIVE,94,1,0.06,0.2191,-0.7209,1.25,2.0,NWS,,47c53da1-8fda-4eea-9982-3233573a73c4,2026-04-05T18:02:36Z,,2026-04-05T18:03:36Z,0.0,yes,-0.06,
2026-04-05,KXLOWTLAX-26APR05-B58.5,Los Angeles,low,58.0,between,no,PASSIVE,56,1,0.44,0.03,-0.53,-0.2083,2.4,METAR↓,day_low=57.2°<58° ✗range | [CALIB BIAS +0¢ NO edge],4b03f63e-3c29-43ce-b23d-111b10410144,2026-04-05T13:26:54Z,,2026-04-05T13:27:33Z,0.0,no,0.56,
2026-04-05,KXLOWTNYC-26APR05-B42.5,New York City,low,42.0,between,no,PASSIVE,86,1,0.14,0.2663,-0.5937,-0.2083,2.4,NWS,,2169180c-cce5-4691-8f48-cf3ff84ffb25,2026-04-05T13:26:52Z,,2026-04-05T13:28:43Z,0.0,yes,-0.14,
2026-04-05,KXLOWTNYC-26APR06-B40.5,New York City,low,40.0,between,no,MIDWAY,44,1,0.56,0.1941,-0.2509,0.75,2.0,NWS,[CALIB BIAS +0¢ NO edge],13dad94b-a38b-485d-88b8-230ff2504efa,2026-04-06T03:44:15Z,,,0.0,yes,-0.56,
2026-04-05,KXLOWTPHIL-26APR05-B48.5,Philadelphia,low,48.0,between,no,PASSIVE,78,1,0.22,0.1178,-0.6672,-4.25,2.0,NWS,,65ac9dae-454b-4472-98db-4ddf0c1dfc2a,2026-04-06T03:43:44Z,,2026-04-06T03:44:15Z,0.0,yes,-0.22,
2026-04-05,KXLOWTPHIL-26APR05-T46,Philadelphia,low,46.0,less,yes,PASSIVE,12,1,0.12,0.8266,0.7116,-1.6667,3.0,NWS,,3031879f-6a39-4004-8467-24da765ece67,2026-04-05T05:34:35Z,,2026-04-05T07:12:39Z,0.0,no,-0.12,
2026-04-06,KXHIGHTATL-26APR06-B69.5,Atlanta,high,69.0,between,no,MIDWAY,43,1,0.57,0.1747,-0.2503,0.1667,3.0,NWS,[CALIB BIAS +0¢ NO edge],d8f59002-44ab-4a50-b147-6f3176be3ebd,2026-04-06T05:58:45Z,,2026-04-06T06:04:49Z,0.0,no,0.43,
2026-04-06,KXHIGHTBOS-26APR06-B51.5,Boston,high,51.0,between,no,MIDWAY,28,1,0.72,0.03,-0.245,-0.8333,3.0,METAR↑,day_high=53.6°>52° ✗range,76a237a9-a61e-4f3e-90d2-1f733509933e,2026-04-06T05:01:04Z,,,0.0,yes,-0.72,
2026-04-06,KXHIGHTDC-26APR06-B62.5,Washington DC,high,62.0,between,no,MIDWAY,43,1,0.57,0.1747,-0.2503,-0.1667,3.0,NWS,[CALIB BIAS +0¢ NO edge],225216e6-1bf6-4d26-8687-4e35edbbf720,2026-04-06T10:25:58Z,,2026-04-06T10:44:41Z,0.0,yes,-0.57,
2026-04-06,KXHIGHTHOU-26APR06-B73.5,Houston,high,73.0,between,no,MIDWAY,42,1,0.58,0.1617,-0.2533,0.5,3.0,NWS,[CALIB BIAS +0¢ NO edge],22d6f84b-eeeb-43fb-adcd-3f3752fbeb03,2026-04-06T06:04:49Z,,,0.0,yes,-0.58,
2026-04-06,KXHIGHTMIN-26APR06-T43,Minneapolis,high,43.0,greater,yes,PASSIVE,2,1,0.02,0.97,0.945,-2.0,3.0,METAR↑,day_high=50.0°>43° ✓YES,bc9112fd-6f4a-4256-aff6-b216788d7337,2026-04-06T05:01:03Z,,2026-04-06T05:31:35Z,0.0,no,-0.02,
2026-04-06,KXHIGHTNOLA-26APR06-B69.5,New Orleans,high,69.0,between,no,MIDWAY,38,1,0.62,0.1755,-0.2545,0.1667,3.0,NWS,[CALIB BIAS +0¢ NO edge],5efac2b4-71b3-4fbd-9882-9c177675a373,2026-04-06T07:47:28Z,,2026-04-06T07:48:00Z,0.0,no,0.38,
2026-04-06,KXHIGHTPHX-26APR06-T93,Phoenix,high,93.0,greater,yes,PASSIVE,2,1,0.02,0.97,0.955,-2.3333,3.0,METAR↑,day_high=95.0°>93° ✓YES,722f35a1-ac95-40ca-b00b-a717b3a9e8b1,2026-04-06T06:42:20Z,,2026-04-06T06:42:52Z,0.0,no,-0.02,
2026-04-06,KXHIGHTSFO-26APR06-B62.5,San Francisco,high,62.0,between,no,MIDWAY,21,1,0.79,0.03,-0.185,0.5,3.0,METAR↑,day_high=77.0°>63° ✗range,fb04dad5-cd3d-4390-86f2-899a0ecc0467,2026-04-06T05:01:05Z,,2026-04-06T05:01:37Z,0.0,yes,-0.79,
2026-04-06,KXHIGHTSFO-26APR06-B66.5,San Francisco,high,66.0,between,no,MIDWAY,21,1,0.79,0.03,-0.19,-0.8333,3.0,METAR↑,day_high=77.0°>67° ✗range,85f3c064-22c9-4517-a5b2-4dd5b13357d3,2026-04-06T10:59:04Z,,,0.0,no,0.21,
2026-04-06,KXHIGHTSFO-26APR06-T69,San Francisco,high,69.0,greater,yes,PASSIVE,4,1,0.04,0.97,0.935,-1.7857,2.8,METAR↑,day_high=77.0°>69° ✓YES,2b2d9dad-26e5-4b74-8cfb-f4a9d7253cf4,2026-04-06T11:51:05Z,,2026-04-06T11:51:37Z,0.0,no,-0.04,
2026-04-06,KXLOWTAUS-26APR06-B44.5,Austin,low,44.0,between,no,MIDWAY,28,1,0.72,0.0657,-0.2993,2.1667,3.0,NWS,[CALIB BIAS +0¢ NO edge],3f5dc17f-7d71-4205-9900-d7d86fe1dff6,2026-04-06T10:30:06Z,,2026-04-06T10:30:38Z,0.0,no,0.28,
2026-04-06,KXLOWTAUS-26APR06-B46.5,Austin,low,46.0,between,no,MIDWAY,35,1,0.65,0.0954,-0.2946,1.5,3.0,NWS,[CALIB BIAS +0¢ NO edge],a2edc3cb-fc36-4a6d-9ace-1005d8830615,2026-04-06T10:21:41Z,,2026-04-06T10:22:44Z,0.0,yes,-0.65,
2026-04-06,KXLOWTCHI-26APR06-T31,Chicago,low,31.0,less,yes,PASSIVE,8,1,0.08,0.7406,0.6656,-1.0714,2.8,NWS,,f708e8da-7a29-4b42-896f-299e4bd3e9ee,2026-04-06T11:31:36Z,,2026-04-06T11:32:36Z,0.0,no,-0.08,
2026-04-06,KXLOWTDEN-26APR06-B37.5,Denver,low,37.0,between,no,MIDWAY,38,1,0.62,0.1631,-0.3769,-0.9615,2.6,NWS,[CALIB BIAS +0¢ NO edge],bc72181a-d2ee-4e8d-b41e-85f472a65794,2026-04-06T12:17:31Z,,,0.0,no,0.38,
2026-04-06,KXLOWTDEN-26APR06-T33,Denver,low,33.0,less,yes,PASSIVE,21,1,0.21,0.8409,0.6309,-1.6667,2.4,NWS,,e1d4e24c-f3e9-4052-bb4e-4b5d25d36ca9,2026-04-06T13:39:10Z,,2026-04-06T13:46:06Z,0.0,no,-0.21,
2026-04-06,KXHIGHTSATX-26APR06-B76.5,San Antonio,high,76.0,between,no,MIDWAY,40,1,0.6,0.0856,-0.3194,-1.875,2.4,NWS,[CALIB BIAS +0¢ NO edge],97a2bb3f-f7ed-4459-b05b-87a0dd6b4ae8,2026-04-06T13:39:11Z,,2026-04-06T13:39:42Z,0.0,no,0.4,
2026-04-06,KXLOWTLAX-26APR06-T60,Los Angeles,low,60.0,greater,no,PASSIVE,64,1,0.36,0.1866,-0.4584,-1.25,2.4,NWS,[CALIB BIAS +0¢ NO edge],2f000bf0-1dbd-4990-803f-19e02e1f781f,2026-04-06T13:49:42Z,,2026-04-06T14:13:33Z,0.0,yes,-0.36,
2026-04-06,KXHIGHTMIN-26APR06-B40.5,Minneapolis,high,40.0,between,no,PASSIVE,46,1,0.54,0.03,-0.43,-1.1364,2.2,METAR↑,day_high=50.0°>41° ✗range | [CALIB BIAS +0¢ NO edge],b2836c60-f8c4-4e6a-9d49-62469f70c75a,2026-04-06T14:33:53Z,,2026-04-06T15:04:47Z,0.0,no,0.46,
2026-04-06,KXHIGHTATL-26APR06-B71.5,Atlanta,high,71.0,between,no,MIDWAY,40,1,0.6,0.1373,-0.2577,-1.25,2.0,NWS,[CALIB BIAS +0¢ NO edge],f445038b-2751-43c1-aa10-3b1dd087520d,2026-04-06T15:19:38Z,,2026-04-06T15:48:41Z,0.0,no,0.4,
2026-04-06,KXHIGHTPHX-26APR06-B86.5,Phoenix,high,86.0,between,no,MIDWAY,42,1,0.58,0.03,-0.385,-0.75,2.0,METAR↑,day_high=95.0°>87° ✗range | [CALIB BIAS +0¢ NO edge],23736ca4-3188-4e08-9acf-1e1e0555e0e7,2026-04-06T16:03:55Z,,,0.0,yes,-0.58,
2026-04-06,KXHIGHTBOS-26APR07-T46,Boston,high,46.0,less,no,MIDWAY,56,1,0.44,0.2196,-0.3454,1.0,2.0,NWS,[CALIB BIAS +0¢ NO edge],20390f20-5677-4874-99c1-b6c1e1d3cad6,2026-04-06T16:11:11Z,,2026-04-06T16:11:42Z,0.0,no,0.56,
2026-04-06,KXHIGHTHOU-26APR06-B75.5,Houston,high,75.0,between,no,MIDWAY,46,1,0.54,0.1971,-0.2679,-0.75,2.0,NWS,[CALIB BIAS +0¢ NO edge],303a0fbf-c2f0-4eb9-bfb6-fdfbe20be6a5,2026-04-06T16:16:30Z,,2026-04-06T16:17:32Z,0.0,no,0.46,
2026-04-06,KXHIGHTDC-26APR06-B64.5,Washington DC,high,64.0,between,no,MIDWAY,40,1,0.6,0.1381,-0.2619,-1.25,2.0,NWS,[CALIB BIAS +0¢ NO edge],c210c826-f1fe-47c0-b005-7a1559c23be1,2026-04-06T16:16:30Z,,2026-04-06T16:47:04Z,0.0,no,0.4,
2026-04-06,KXHIGHTNOLA-26APR06-B67.5,New Orleans,high,67.0,between,no,MIDWAY,38,1,0.62,0.1366,-0.2534,1.25,2.0,NWS,[CALIB BIAS +0¢ NO edge],ca44f681-091c-4f21-8ed3-d49fd9c741da,2026-04-06T16:25:05Z,,,0.0,yes,-0.62,
2026-04-06,KXHIGHTNOLA-26APR06-T67,New Orleans,high,67.0,less,no,MIDWAY,33,1,0.67,0.03,-0.325,1.0,2.0,METAR↑,day_high=68.0°>67° ✓NO | [CALIB BIAS +0¢ NO edge],a1e7a8b4-e4ad-4ae7-9608-8674df048a5b,2026-04-06T17:42:28Z,,2026-04-06T18:13:02Z,0.0,no,0.33,
2026-04-06,KXHIGHTDAL-26APR06-B74.5,Dallas,high,74.0,between,no,MIDWAY,39,1,0.61,0.0974,-0.3026,-1.75,2.0,NWS,[CALIB BIAS +0¢ NO edge],d94818e7-5a3a-4758-ae55-9ed6f50cbb71,2026-04-06T17:56:31Z,,2026-04-06T18:08:57Z,0.0,yes,-0.61,
2026-04-06,KXHIGHTATL-26APR06-B67.5,Atlanta,high,67.0,between,no,MIDWAY,46,1,0.54,0.1964,-0.2636,0.75,2.0,NWS,[CALIB BIAS +0¢ NO edge],8aa9c9e4-9bfc-40f8-9f49-8448a9e16116,2026-04-06T19:33:24Z,,2026-04-06T19:37:35Z,0.0,yes,-0.54,
2026-04-06,KXHIGHTMIN-26APR06-B42.5,Minneapolis,high,42.0,between,no,PASSIVE,96,1,0.04,0.03,-0.935,-1.75,2.0,METAR↑,day_high=50.0°>43° ✗range,d0c57b83-03e3-4b06-9072-b04158b9ba8a,2026-04-06T20:29:23Z,,2026-04-06T20:29:55Z,0.0,yes,-0.04,
2026-04-06,KXHIGHTSFO-26APR06-B64.5,San Francisco,high,64.0,between,no,PASSIVE,50,1,0.5,0.03,-0.475,-0.25,2.0,METAR↑,day_high=77.0°>65° ✗range | [CALIB BIAS +0¢ NO edge],5016134a-1de5-4da5-9df0-b9641ebd4f94,2026-04-06T20:29:24Z,,2026-04-06T20:29:55Z,0.0,no,0.5,
2026-04-06,KXHIGHTSEA-26APR06-T73,Seattle,high,73.0,greater,yes,PASSIVE,4,1,0.04,0.97,0.925,-2.5,2.0,METAR↑,day_high=73.4°>73° ✓YES,20a745ab-0166-4443-bae4-8bdade31a695,2026-04-07T01:04:00Z,,2026-04-07T01:35:43Z,0.0,no,-0.04,
2026-04-06,KXLOWTAUS-26APR07-T48,Austin,low,48.0,greater,yes,PASSIVE,26,1,0.26,0.8886,0.6236,3.0,2.0,NWS,,9e83147c-13d9-47af-a986-71bc2e280af4,2026-04-07T01:04:00Z,,2026-04-07T01:35:43Z,0.0,no,-0.26,
2026-04-06,KXLOWTCHI-26APR07-T30,Chicago,low,30.0,greater,yes,PASSIVE,33,1,0.33,0.7646,0.4346,1.0,2.0,NWS,,55f47359-b898-42eb-8211-e02421bb2924,2026-04-07T01:04:01Z,,2026-04-07T01:35:43Z,0.0,no,-0.33,
2026-04-06,KXLOWTLAX-26APR06-B59.5,Los Angeles,low,59.0,between,no,PASSIVE,58,1,0.42,0.1658,-0.4192,-1.25,2.0,NWS,[CALIB BIAS +0¢ NO edge],58712561-e37b-4171-b907-3af34befe49a,2026-04-07T01:04:02Z,,2026-04-07T01:35:43Z,0.0,no,0.58,
2026-04-06,KXHIGHTPHX-26APR07-B93.5,Phoenix,high,93.0,between,no,PASSIVE,56,1,0.44,0.1628,-0.4022,-1.25,2.0,NWS,[CALIB BIAS +0¢ NO edge],6ac35c13-17c4-4c69-8977-1067d04793d6,2026-04-07T01:04:04Z,,2026-04-07T01:35:43Z,0.0,yes,-0.44,
2026-04-07,KXHIGHTBOS-26APR07-T53,Boston,high,53.0,greater,yes,PASSIVE,2,1,0.02,0.97,0.955,-4.0,3.0,METAR↑,day_high=53.6°>53° ✓YES,89700d1f-2fe0-4d97-8d0f-38fdbd7f0829,2026-04-07T08:39:11Z,,2026-04-07T10:26:45Z,0.0,no,-0.02,
2026-04-07,KXHIGHTSEA-26APR07-T60,Seattle,high,60.0,greater,yes,PASSIVE,2,1,0.02,0.97,0.945,-1.3333,3.0,METAR↑,day_high=73.4°>60° ✓YES,459f52dd-e4e6-4eea-bde9-3c975cfb1301,2026-04-07T08:55:30Z,,2026-04-07T10:50:26Z,0.0,no,-0.02,
2026-04-07,KXHIGHTMIN-26APR07-T48,Minneapolis,high,48.0,greater,yes,PASSIVE,8,1,0.08,0.97,0.885,-1.0,3.0,METAR↑,day_high=50.0°>48° ✓YES,d9c26f0c-c1cd-4844-9775-3ef0b4c0a8cc,2026-04-07T08:55:31Z,,2026-04-07T10:43:46Z,0.0,no,-0.08,
2026-04-07,KXHIGHTDC-26APR07-T59,Washington DC,high,59.0,greater,yes,PASSIVE,15,1,0.15,0.97,0.825,-2.0,3.0,METAR↑,day_high=63.0°>59° ✓YES,6bb2b8b4-8cdb-4a1c-8b70-b884146f1551,2026-04-07T08:55:32Z,,2026-04-07T10:43:46Z,0.0,no,-0.15,
2026-04-07,KXLOWTCHI-26APR07-B29.5,Chicago,low,29.0,between,no,MIDWAY,50,1,0.5,0.1555,-0.3495,0.8333,3.0,NWS,[CALIB BIAS +0¢ NO edge],ffd470f8-c77e-43d8-9fae-12163cf41383,2026-04-07T08:55:33Z,,2026-04-07T10:43:46Z,0.0,yes,-0.5,
2026-04-07,KXHIGHTLV-26APR07-B88.5,Las Vegas,high,88.0,between,no,MIDWAY,49,1,0.51,0.1845,-0.3055,-0.1667,3.0,NWS,[CALIB BIAS +0¢ NO edge],0ce16480-ed3f-4a0a-a974-0831888ca893,2026-04-07T09:11:30Z,,2026-04-07T10:50:26Z,0.0,no,0.49,
2026-04-07,KXHIGHTDAL-26APR07-B73.5,Dallas,high,73.0,between,no,MIDWAY,48,1,0.52,0.1707,-0.3043,-0.5,3.0,NWS,[CALIB BIAS +0¢ NO edge],6990065f-d584-4b20-b7fa-f3dc6a3a4479,2026-04-07T09:11:31Z,,2026-04-07T10:43:46Z,0.0,yes,-0.52,
2026-04-07,KXHIGHTHOU-26APR07-B75.5,Houston,high,75.0,between,no,MIDWAY,46,1,0.54,0.1692,-0.2958,0.5,3.0,NWS,[CALIB BIAS +0¢ NO edge],456b934f-b02f-415f-a224-eecbf5d49de1,2026-04-07T09:11:32Z,,2026-04-07T10:43:46Z,0.0,yes,-0.54,
2026-04-07,KXHIGHTSATX-26APR07-B76.5,San Antonio,high,76.0,between,no,MIDWAY,44,1,0.56,0.1458,-0.2942,-0.8333,3.0,NWS,[CALIB BIAS +0¢ NO edge],81ac84ac-35c9-4422-905e-d88e6f37fd01,2026-04-07T10:19:58Z,,2026-04-07T10:43:46Z,0.0,no,0.44,
2026-04-07,KXHIGHTSFO-26APR07-B66.5,San Francisco,high,66.0,between,no,MIDWAY,29,1,0.71,0.03,-0.265,-0.5,3.0,METAR↑,day_high=77.0°>67° ✗range,1bbc19b6-d824-4447-bb5b-3529dc829f78,2026-04-07T10:19:59Z,,2026-04-07T10:43:46Z,0.0,no,0.29,
2026-04-07,KXHIGHTOKC-26APR07-B72.5,Oklahoma City,high,72.0,between,no,MIDWAY,42,1,0.58,0.1632,-0.2618,-0.5,3.0,NWS,[CALIB BIAS +0¢ NO edge],0775b298-0e67-4185-9a60-ab4d0e3b90f5,2026-04-07T10:20:00Z,,2026-04-07T10:43:47Z,0.0,no,0.42,
2026-04-07,KXHIGHTATL-26APR07-B76.5,Atlanta,high,76.0,between,no,MIDWAY,43,1,0.57,0.1632,-0.2618,-0.5,3.0,NWS,[CALIB BIAS +0¢ NO edge],7d43a602-7fbb-4935-b78f-e96572d4cd9c,2026-04-07T10:20:01Z,,2026-04-07T10:43:47Z,0.0,no,0.43,
2026-04-07,KXLOWTAUS-26APR07-B43.5,Austin,low,43.0,between,no,PASSIVE,89,1,0.11,0.03,-0.86,4.375,2.4,METAR↓,day_low=42.8°<43° ✗range,80ac042a-9af7-424a-a906-4ed568b30593,2026-04-07T13:40:55Z,,2026-04-07T13:42:14Z,0.0,yes,-0.11,
2026-04-07,KXHIGHTDC-26APR07-B54.5,Washington DC,high,54.0,between,no,PASSIVE,59,1,0.41,0.03,-0.56,-0.625,2.4,METAR↑,day_high=59.0°>55° ✗range | [CALIB BIAS +0¢ NO edge],eaec6cd9-5e01-42cc-b1c5-6419a8384457,2026-04-07T13:40:57Z,,2026-04-07T14:17:13Z,0.0,no,0.59,
2026-04-07,KXHIGHTLV-26APR07-B90.5,Las Vegas,high,90.0,between,no,MIDWAY,46,1,0.54,0.1512,-0.3088,-1.0417,2.4,NWS,[CALIB BIAS +0¢ NO edge],c4cc6e14-ec46-4b21-80f0-fba934a52001,2026-04-07T13:40:58Z,,2026-04-07T14:17:13Z,0.0,yes,-0.54,
2026-04-07,KXHIGHTNOLA-26APR07-B75.5,New Orleans,high,75.0,between,no,MIDWAY,50,1,0.5,0.2131,-0.2919,0.2083,2.4,NWS,[CALIB BIAS +0¢ NO edge],938b6cbe-8561-40f1-bfb0-3c901995113c,2026-04-07T13:40:59Z,,2026-04-07T14:17:13Z,0.0,yes,-0.5,
2026-04-07,KXHIGHTMIN-26APR07-B45.5,Minneapolis,high,45.0,between,no,MIDWAY,47,1,0.53,0.2078,-0.2622,-0.2083,2.4,NWS,[CALIB BIAS +0¢ NO edge],79570893-0841-4c8f-8a6f-952824bc082e,2026-04-07T13:41:00Z,,2026-04-07T14:17:13Z,0.0,no,0.47,
2026-04-07,KXLOWTPHIL-26APR07-T34,Philadelphia,low,34.0,less,yes,PASSIVE,22,1,0.22,0.8431,0.6181,-1.6667,2.4,NWS,,3bb9b9d0-c2bf-453d-b3ba-f3bd5c5541f9,2026-04-07T13:41:43Z,,2026-04-07T14:17:50Z,0.0,no,-0.22,
2026-04-07,KXHIGHTBOS-26APR07-B46.5,Boston,high,46.0,between,no,MIDWAY,44,1,0.56,0.1115,-0.3385,-1.5909,2.2,NWS,[CALIB BIAS +0¢ NO edge],89eb3a4b-5fc2-43a3-9590-189ef84e70c1,2026-04-07T14:23:14Z,,2026-04-07T14:28:10Z,0.0,yes,-0.56,
2026-04-07,KXLOWTLAX-26APR07-B57.5,Los Angeles,low,57.0,between,no,PASSIVE,84,1,0.16,0.2757,-0.5693,0.2273,2.2,NWS,,20bd74c9-8cd4-428d-835a-8868e67bda9a,2026-04-07T14:42:37Z,,2026-04-07T15:17:48Z,0.0,yes,-0.16,
2026-04-07,KXHIGHTDC-26APR07-B56.5,Washington DC,high,56.0,between,no,MIDWAY,34,1,0.66,0.03,-0.38,-1.5909,2.2,METAR↑,day_high=59.0°>57° ✗range | [CALIB BIAS +0¢ NO edge],65b54dba-4c28-48e1-bc24-7759fdb47226,2026-04-07T14:58:56Z,,2026-04-07T14:59:59Z,0.0,no,0.34,
2026-04-07,KXHIGHTATL-26APR07-B78.5,Atlanta,high,78.0,between,no,MIDWAY,36,1,0.64,0.0929,-0.2771,-1.75,2.0,NWS,[CALIB BIAS +0¢ NO edge],baf548cd-c29f-401e-ba0e-3cd5957ec983,2026-04-07T16:43:46Z,,2026-04-07T17:14:44Z,0.0,yes,-0.64,
2026-04-07,KXHIGHTDC-26APR07-B58.5,Washington DC,high,58.0,between,no,PASSIVE,61,1,0.39,0.0924,-0.5176,-3.25,2.0,NWS,[CALIB BIAS +0¢ NO edge],f54357b3-e279-4be1-b5ce-00fdaf6ab816,2026-04-07T18:38:37Z,,2026-04-07T18:45:48Z,0.0,yes,-0.39,
2026-04-07,KXHIGHTSEA-26APR07-B57.5,Seattle,high,57.0,between,no,PASSIVE,55,1,0.45,0.03,-0.515,-1.25,2.0,METAR↑,day_high=73.4°>58° ✗range | [CALIB BIAS +0¢ NO edge],c7633a4d-3f9c-4206-bc58-80930ee858eb,2026-04-07T18:39:30Z,,2026-04-07T18:44:46Z,0.0,no,0.55,
2026-04-07,KXHIGHTSFO-26APR07-B64.5,San Francisco,high,64.0,between,no,MIDWAY,56,1,0.44,0.246,-0.309,-0.25,2.0,NWS,[CALIB BIAS +0¢ NO edge],fc0780a6-bb58-428e-ab47-f2dd3623b534,2026-04-07T19:53:59Z,,,0.0,yes,-0.44,
2026-04-07,KXHIGHTSEA-26APR07-B55.5,Seattle,high,55.0,between,no,MIDWAY,42,1,0.58,0.03,-0.395,0.25,2.0,METAR↑,day_high=73.4°>56° ✗range | [CALIB BIAS +0¢ NO edge],8f166217-ad25-4cc2-b05f-843dd281201a,2026-04-07T19:59:43Z,,2026-04-07T20:09:16Z,0.0,yes,-0.58,
2026-04-07,KXHIGHTSFO-26APR07-B62.5,San Francisco,high,62.0,between,no,MIDWAY,44,1,0.56,0.1949,-0.2551,0.75,2.0,NWS,[CALIB BIAS +0¢ NO edge],5ff6735c-0604-433e-bcf9-186f4f0736aa,2026-04-07T19:59:44Z,,,0.0,no,0.44,
2026-04-07,KXHIGHTOKC-26APR07-B70.5,Oklahoma City,high,70.0,between,no,MIDWAY,40,1,0.6,0.03,-0.38,0.75,2.0,METAR↑,day_high=71.6°>71° ✗range | [CALIB BIAS +0¢ NO edge],52537cf6-414d-4aa5-9aaf-b6fcc37c66c2,2026-04-07T20:25:00Z,,2026-04-07T21:07:13Z,0.0,yes,-0.6,
2026-04-07,KXHIGHTOKC-26APR08-B77.5,Oklahoma City,high,77.0,between,no,MIDWAY,48,1,0.52,0.1986,-0.2764,-0.75,2.0,NWS,[CALIB BIAS +0¢ NO edge],ffa0b62b-2a0b-4d42-aa78-e885c4a2bc6a,2026-04-07T21:11:27Z,,2026-04-07T23:02:44Z,0.0,no,0.48,
2026-04-07,KXHIGHTPHX-26APR08-B96.5,Phoenix,high,96.0,between,no,MIDWAY,54,1,0.46,0.1591,-0.3809,-1.25,2.0,NWS,[CALIB BIAS +0¢ NO edge],022c1d56-0aec-44d6-9374-8def2860c6e7,2026-04-08T00:28:33Z,,2026-04-08T01:11:31Z,0.0,no,0.54,
2026-04-07,KXHIGHTSATX-26APR08-B80.5,San Antonio,high,80.0,between,no,MIDWAY,36,1,0.64,0.0922,-0.2728,-1.75,2.0,NWS,[CALIB BIAS +0¢ NO edge],958bc743-f02f-4277-9f23-144ab687d569,2026-04-08T00:28:33Z,,2026-04-08T01:43:19Z,0.0,yes,-0.64,
2026-04-08,KXLOWTCHI-26APR08-T35,Chicago,low,35.0,greater,no,PASSIVE,65,1,0.35,0.03,-0.62,5.3333,3.0,METAR↓,day_low=32.0°<35° ✓NO | [CALIB BIAS +0¢ NO edge],a75c7d8c-e042-458d-97b9-3fc19855e59e,2026-04-08T06:24:59Z,,2026-04-08T07:14:29Z,0.0,yes,-0.35,
2026-04-08,KXLOWTNYC-26APR08-B29.5,New York City,low,29.0,between,no,MIDWAY,28,1,0.72,0.0815,-0.3885,2.1667,3.0,NWS,[CALIB BIAS +0¢ NO edge],00c4b455-f72d-4041-b57f-16b14b86f8a1,2026-04-08T06:25:00Z,,2026-04-08T07:14:29Z,0.0,yes,-0.72,
2026-04-08,KXHIGHTHOU-26APR08-B79.5,Houston,high,79.0,between,no,MIDWAY,56,1,0.44,0.1942,-0.3608,0.1667,3.0,NWS,[CALIB BIAS +0¢ NO edge],54f08bbf-55de-4c86-ae55-adc49227ef1c,2026-04-08T06:25:01Z,,2026-04-08T07:29:21Z,0.0,yes,-0.44,
2026-04-08,KXHIGHTATL-26APR08-B69.5,Atlanta,high,69.0,between,no,MIDWAY,36,1,0.64,0.03,-0.335,-0.5,3.0,METAR↑,day_high=71.6°>70° ✗range | [CALIB BIAS +0¢ NO edge],ce192dc7-67e3-4d59-a0bf-6efa06f59094,2026-04-08T06:25:02Z,,2026-04-08T07:29:21Z,0.0,yes,-0.64,
2026-04-08,KXHIGHTOKC-26APR08-B75.5,Oklahoma City,high,75.0,between,no,MIDWAY,45,1,0.55,0.1785,-0.2715,0.1667,3.0,NWS,[CALIB BIAS +0¢ NO edge],ee9b5b6d-b6ff-4c9a-94c2-62fe0ff8d9a9,2026-04-08T06:25:03Z,,2026-04-08T07:29:21Z,0.0,yes,-0.55,
2026-04-08,KXLOWTAUS-26APR08-B51.5,Austin,low,51.0,between,no,PASSIVE,96,1,0.04,0.144,-0.816,4.7727,2.2,NWS,,d2b76ca3-c405-486c-9bd6-a47664f55245,2026-04-08T14:31:35Z,,2026-04-08T15:58:09Z,0.0,yes,-0.04,
2026-04-08,KXLOWTDEN-26APR08-T45,Denver,low,45.0,greater,no,PASSIVE,70,1,0.3,0.114,-0.581,-2.2727,2.2,NWS,,f2bbfbcb-ea8c-42a5-b2a8-bd29b250eaf5,2026-04-08T14:31:36Z,,2026-04-08T15:58:09Z,0.0,no,0.7,
2026-04-08,KXLOWTLAX-26APR08-B58.5,Los Angeles,low,58.0,between,no,MIDWAY,29,1,0.71,0.03,-0.32,-0.2273,2.2,METAR↓,day_low=57.2°<58° ✗range | [CALIB BIAS +0¢ NO edge],e0dd1f3f-8d13-44b5-9f91-537ebe695369,2026-04-08T14:31:37Z,,2026-04-08T14:33:18Z,0.0,yes,-0.71,
2026-04-08,KXHIGHTSEA-26APR08-B60.5,Seattle,high,60.0,between,no,MIDWAY,44,1,0.56,0.1478,-0.2972,-1.1364,2.2,NWS,[CALIB BIAS +0¢ NO edge],974e301e-65a8-4a7a-bf77-a12fd8774b2c,2026-04-08T14:31:38Z,,2026-04-08T14:34:21Z,0.0,yes,-0.56,
2026-04-08,KXHIGHTLV-26APR08-B92.5,Las Vegas,high,92.0,between,no,MIDWAY,43,1,0.57,0.1448,-0.2802,-1.1364,2.2,NWS,[CALIB BIAS +0¢ NO edge],19c6b2ca-8e31-4b66-bcea-47124f23ace9,2026-04-08T14:31:40Z,,2026-04-08T14:32:47Z,0.0,no,0.43,
2026-04-08,KXHIGHTDC-26APR08-B55.5,Washington DC,high,55.0,between,no,MIDWAY,46,1,0.54,0.1914,-0.2736,-0.6818,2.2,NWS,[CALIB BIAS +0¢ NO edge],22d6a82b-d335-4623-bca4-75949929c60a,2026-04-08T14:31:41Z,,2026-04-08T14:32:15Z,0.0,yes,-0.54,
2026-04-08,KXHIGHTDAL-26APR08-B78.5,Dallas,high,78.0,between,no,MIDWAY,47,1,0.53,0.2202,-0.2548,-0.2273,2.2,NWS,[CALIB BIAS +0¢ NO edge],06a815b0-169d-4371-80e6-081fba0de4f2,2026-04-08T14:31:43Z,,2026-04-08T15:58:09Z,0.0,yes,-0.53,
2026-04-08,KXHIGHTBOS-26APR08-B38.5,Boston,high,38.0,between,no,MIDWAY,17,1,0.83,0.03,-0.135,0.6818,2.2,METAR↑,day_high=39.2°>39° ✗range,72b49939-5815-490a-86e4-b20bbaf76fb6,2026-04-08T14:31:44Z,,2026-04-08T15:58:09Z,0.0,no,0.17,
2026-04-08,KXHIGHTMIN-26APR08-B61.5,Minneapolis,high,61.0,between,no,PASSIVE,96,1,0.04,0.306,-0.649,0.25,2.0,NWS,,ac70781e-91df-435d-9974-9fdd539a3110,2026-04-08T17:41:40Z,,2026-04-08T18:01:26Z,0.0,yes,-0.04,
2026-04-08,KXHIGHTPHX-26APR08-B94.5,Phoenix,high,94.0,between,no,PASSIVE,70,1,0.3,0.267,-0.428,-0.25,2.0,NWS,,fb40fc0c-aa89-4e40-a7a1-155aff0b6b42,2026-04-08T17:41:41Z,,2026-04-08T17:42:22Z,0.0,no,0.7,
2026-04-08,KXHIGHTNOLA-26APR08-B77.5,New Orleans,high,77.0,between,no,PASSIVE,69,1,0.31,0.2662,-0.4238,-0.25,2.0,NWS,,77feecbd-55d0-435b-ad73-d46241e5d348,2026-04-08T17:41:42Z,,2026-04-08T18:12:20Z,0.0,yes,-0.31,
2026-04-08,KXLOWTLAX-26APR08-B56.5,Los Angeles,low,56.0,between,no,PASSIVE,64,1,0.36,0.2234,-0.4166,0.75,2.0,NWS,[CALIB BIAS +0¢ NO edge],4ffee910-81da-404a-bf9f-de9c8e55b629,2026-04-08T17:41:43Z,,,0.0,no,0.64,
2026-04-08,KXHIGHTBOS-26APR08-B40.5,Boston,high,40.0,between,no,MIDWAY,52,1,0.48,0.24,-0.275,-0.25,2.0,NWS,[CALIB BIAS +0¢ NO edge],4af52651-87cd-4c10-9531-8160c66fb98b,2026-04-08T17:41:44Z,,2026-04-08T17:42:23Z,0.0,yes,-0.48,
2026-04-08,KXHIGHTSFO-26APR08-B68.5,San Francisco,high,68.0,between,no,MIDWAY,50,1,0.5,0.2385,-0.2665,0.25,2.0,NWS,[CALIB BIAS +0¢ NO edge],a642acf8-a537-4f20-932a-06e262f60d41,2026-04-08T18:02:03Z,,2026-04-08T18:02:35Z,0.0,no,0.5,
2026-04-08,KXHIGHTLV-26APR08-B90.5,Las Vegas,high,90.0,between,no,MIDWAY,57,1,0.43,0.249,-0.326,-0.25,2.0,NWS,[CALIB BIAS +0¢ NO edge],63c1c834-9326-495a-8460-50f8abdd625f,2026-04-08T18:09:25Z,,2026-04-08T18:10:28Z,0.0,yes,-0.43,
2026-04-08,KXLOWTCHI-26APR09-T46,Chicago,low,46.0,less,yes,PASSIVE,18,1,0.18,0.821,0.636,-1.5,2.0,NWS,,d9d3800e-f449-4f01-8276-6f34b7951d32,2026-04-08T18:51:18Z,,2026-04-08T19:29:16Z,,,,
2026-04-08,KXHIGHTSFO-26APR08-B72.5,San Francisco,high,72.0,between,no,MIDWAY,38,1,0.62,0.0944,-0.2856,-1.75,2.0,NWS,[CALIB BIAS +0¢ NO edge],604c8723-4c28-4c62-a933-c51c8599d60b,2026-04-08T20:26:21Z,,2026-04-08T20:27:23Z,0.0,yes,-0.62,
2026-04-08,KXHIGHTPHX-26APR09-B95.5,Phoenix,high,95.0,between,no,MIDWAY,60,1,0.4,0.2189,-0.3911,-0.75,2.0,NWS,[CALIB BIAS +0¢ NO edge],7768a16a-6180-4e9b-8ef9-4e50c3886a86,2026-04-08T20:33:00Z,,2026-04-08T21:03:53Z,,,,
2026-04-08,KXHIGHTSFO-26APR08-B70.5,San Francisco,high,70.0,between,no,MIDWAY,39,1,0.61,0.03,-0.36,-0.75,2.0,METAR↑,day_high=71.6°>71° ✗range | [CALIB BIAS +0¢ NO edge],6fec9944-189e-4251-9268-83d5f860c77c,2026-04-08T20:36:43Z,,2026-04-08T20:48:18Z,0.0,no,0.39,
2026-04-08,KXHIGHTPHX-26APR08-B98.5,Phoenix,high,98.0,between,no,PASSIVE,82,1,0.18,0.1363,-0.6787,-2.25,2.0,NWS,,dfd1282c-3509-45b3-a060-14d99cf59b24,2026-04-08T21:20:57Z,,2026-04-08T21:22:30Z,0.0,yes,-0.18,
2026-04-08,KXLOWTDEN-26APR09-T38,Denver,low,38.0,less,no,MIDWAY,55,1,0.45,0.2166,-0.3284,1.0,2.0,NWS,[CALIB BIAS +0¢ NO edge],084b54d1-efba-4dd2-9de2-e2f6409dcd9b,2026-04-08T23:15:33Z,,2026-04-09T00:25:13Z,,,,
2026-04-08,KXLOWTNYC-26APR09-T37,New York City,low,37.0,greater,yes,PASSIVE,7,1,0.07,0.8552,0.7852,2.5,2.0,NWS,,81052288-0474-41d5-a47c-e60891730200,2026-04-09T02:30:24Z,,2026-04-09T03:02:50Z,,,,
2026-04-08,KXLOWTPHIL-26APR09-T34,Philadelphia,low,34.0,greater,yes,PASSIVE,34,1,0.34,0.8824,0.5374,2.0,2.0,NWS,,3f84a28e-4111-47f3-827d-951b0e2f1532,2026-04-09T02:30:25Z,,2026-04-09T03:02:51Z,,,,
2026-04-08,KXLOWTAUS-26APR09-T61,Austin,low,61.0,greater,yes,PASSIVE,45,1,0.45,0.8974,0.4524,2.0,2.0,NWS,,f0f27433-5a8e-4daf-a9cc-8b78363baf22,2026-04-09T02:30:26Z,,2026-04-09T03:00:39Z,,,,
2026-04-08,KXHIGHTDAL-26APR09-B81.5,Dallas,high,81.0,between,no,MIDWAY,54,1,0.46,0.2084,-0.3316,-0.75,2.0,NWS,[CALIB BIAS +0¢ NO edge],8eac0d14-db4a-430a-a7bf-2c079d65e84e,2026-04-09T02:30:26Z,,2026-04-09T03:00:39Z,,,,
2026-04-08,KXHIGHTOKC-26APR09-B81.5,Oklahoma City,high,81.0,between,no,MIDWAY,51,1,0.49,0.2392,-0.2708,-0.25,2.0,NWS,[CALIB BIAS +0¢ NO edge],f9be345c-a8d8-4ded-91d3-e7a7fb1aa636,2026-04-09T02:30:27Z,,2026-04-09T03:02:51Z,,,,
2026-04-09,KXHIGHTLV-26APR09-T91,Las Vegas,high,91.0,greater,yes,PASSIVE,2,1,0.02,0.97,0.955,-1.6667,3.0,METAR↑,day_high=91.4°>91° ✓YES,31a221ce-a8f8-426c-98a9-5f5046370db4,2026-04-09T05:08:58Z,,2026-04-09T05:42:10Z,,,,
2026-04-09,KXHIGHTSATX-26APR09-B79.5,San Antonio,high,79.0,between,no,MIDWAY,41,1,0.59,0.1747,-0.2503,0.1667,3.0,NWS,[CALIB BIAS +0¢ NO edge],51358b6d-bc7f-431f-98a1-242051a54d0d,2026-04-09T05:09:00Z,,,,,,
2026-04-09,KXLOWTNYC-26APR09-B34.5,New York City,low,34.0,between,no,PASSIVE,92,1,0.08,0.1464,-0.7736,2.3214,2.8,NWS,,6eefa41b-cb7c-42c0-92d6-9c6e291650e2,2026-04-09T11:25:45Z,,2026-04-09T11:39:35Z,,,,
2026-04-09,KXLOWTCHI-26APR09-T53,Chicago,low,53.0,greater,yes,PASSIVE,13,1,0.13,0.7488,0.6188,1.0714,2.8,NWS,,a9f5dd26-f8bb-4b36-a035-8493a8a89ba3,2026-04-09T11:25:46Z,,2026-04-09T11:39:35Z,,,,
2026-04-09,KXHIGHTMIN-26APR09-B50.5,Minneapolis,high,50.0,between,no,MIDWAY,38,1,0.62,0.03,-0.38,-0.5357,2.8,METAR↑,day_high=51.8°>51° ✗range | [CALIB BIAS +0¢ NO edge],637331c3-6495-411d-b1af-b7600d5d82e5,2026-04-09T11:25:47Z,,2026-04-09T11:46:56Z,,,,
2026-04-09,KXHIGHTATL-26APR09-B71.5,Atlanta,high,71.0,between,no,MIDWAY,52,1,0.48,0.1988,-0.3362,0.1786,2.8,NWS,[CALIB BIAS +0¢ NO edge],ad27f513-a30c-4ff7-a69e-672f0f5d33cc,2026-04-09T11:25:47Z,,2026-04-09T11:39:36Z,,,,
2026-04-09,KXLOWTLAX-26APR09-B58.5,Los Angeles,low,58.0,between,no,MIDWAY,35,1,0.65,0.1966,-0.3234,-0.1786,2.8,NWS,[CALIB BIAS +0¢ NO edge],bb8d94cd-9900-4fd0-bc3c-8cf2f2243d55,2026-04-09T11:25:49Z,,2026-04-09T11:39:36Z,,,,
2026-04-09,KXHIGHTSEA-26APR09-B65.5,Seattle,high,65.0,between,no,MIDWAY,44,1,0.56,0.1216,-0.3184,-1.25,2.8,NWS,[CALIB BIAS +0¢ NO edge],ec3cd433-a971-48a0-9c3d-0177caf50875,2026-04-09T11:25:51Z,,2026-04-09T11:39:36Z,,,,
2026-04-09,KXHIGHTDC-26APR09-B61.5,Washington DC,high,61.0,between,no,MIDWAY,51,1,0.49,0.1951,-0.3149,-0.1786,2.8,NWS,[CALIB BIAS +0¢ NO edge],e6e5e509-eaf1-47b3-b48f-da7464141faf,2026-04-09T11:25:52Z,,2026-04-09T11:39:36Z,,,,
2026-04-09,KXHIGHTBOS-26APR09-B55.5,Boston,high,55.0,between,no,MIDWAY,47,1,0.53,0.1951,-0.3149,-0.1786,2.8,NWS,[CALIB BIAS +0¢ NO edge],d1264349-ac22-4c0d-beec-65b89baaf1c7,2026-04-09T11:25:53Z,,2026-04-09T11:39:36Z,,,,
2026-04-09,KXHIGHTSFO-26APR09-B69.5,San Francisco,high,69.0,between,no,MIDWAY,39,1,0.61,0.1397,-0.2503,-0.8929,2.8,NWS,[CALIB BIAS +0¢ NO edge],a29073da-8a39-461a-8c5c-47dec24b0a39,2026-04-09T11:25:54Z,,2026-04-09T13:24:53Z,,,,
2026-04-09,KXHIGHTHOU-26APR09-B81.5,Houston,high,81.0,between,no,MIDWAY,44,1,0.56,0.1928,-0.3022,-0.1786,2.8,NWS,[CALIB BIAS +0¢ NO edge],770eed64-2b16-4965-a631-669b82ac37cd,2026-04-09T11:53:40Z,,2026-04-09T13:24:53Z,,,,
2026-04-09,KXHIGHTMIN-26APR09-B48.5,Minneapolis,high,48.0,between,no,MIDWAY,35,1,0.65,0.03,-0.335,0.2083,2.4,METAR↑,day_high=51.8°>49° ✗range | [CALIB BIAS +0¢ NO edge],ed07bb39-d297-404e-b1ea-1f889c1d4ecb,2026-04-09T13:48:04Z,,2026-04-09T13:51:57Z,,,,
2026-04-09,KXLOWTDEN-26APR09-B38.5,Denver,low,38.0,between,no,PASSIVE,81,1,0.19,0.2431,-0.5669,0.6818,2.2,NWS,,d9b48e49-bbd8-4c46-8c9d-1d7b85587ded,2026-04-09T14:10:34Z,,2026-04-09T14:13:50Z,,,,
2026-04-09,KXHIGHTSFO-26APR09-B65.5,San Francisco,high,65.0,between,no,MIDWAY,10,1,0.9,0.03,-0.075,0.6818,2.2,METAR↑,day_high=66.2°>66° ✗range,2a1d1a38-e194-4712-803b-b64c04ff2e3d,2026-04-09T14:15:24Z,,2026-04-09T14:15:56Z,,,,
2026-04-09,KXHIGHTLV-26APR09-B88.5,Las Vegas,high,88.0,between,no,PASSIVE,44,1,0.56,0.03,-0.405,-0.6818,2.2,METAR↑,day_high=91.4°>89° ✗range | [CALIB BIAS +0¢ NO edge],86c30664-f25d-4fac-aae0-fe4c4d52d79f,2026-04-09T14:47:19Z,,2026-04-09T15:17:56Z,,,,
2026-04-09,KXHIGHTLV-26APR09-B86.5,Las Vegas,high,86.0,between,no,PASSIVE,44,1,0.56,0.03,-0.405,0.2273,2.2,METAR↑,day_high=91.4°>87° ✗range | [CALIB BIAS +0¢ NO edge],b1eab56d-43f9-412e-8ada-a3fb6fae01d1,2026-04-09T14:48:21Z,,2026-04-09T15:03:19Z,,,,
2026-04-09,KXHIGHTATL-26APR09-B73.5,Atlanta,high,73.0,between,no,MIDWAY,52,1,0.48,0.2061,-0.3189,-0.75,2.0,NWS,[CALIB BIAS +0¢ NO edge],b08da115-a446-46a0-8f99-7934ce381492,2026-04-09T17:17:36Z,,2026-04-09T17:26:38Z,,,,
2026-04-09,KXHIGHTNOLA-26APR09-B76.5,New Orleans,high,76.0,between,no,MIDWAY,52,1,0.48,0.2452,-0.3048,-0.25,2.0,NWS,[CALIB BIAS +0¢ NO edge],78b205bb-eb4c-4c35-8175-6bf30023582b,2026-04-09T17:17:37Z,,2026-04-09T17:18:39Z,,,,
2026-04-09,KXHIGHTBOS-26APR09-B57.5,Boston,high,57.0,between,no,MIDWAY,40,1,0.6,0.1373,-0.2577,-1.25,2.0,NWS,[CALIB BIAS +0¢ NO edge],97324001-d522-4ae5-ac70-1f7666fbc8cf,2026-04-09T17:34:29Z,,2026-04-09T17:35:32Z,,,,
2026-04-09,KXHIGHTBOS-26APR09-B59.5,Boston,high,59.0,between,no,MIDWAY,32,1,0.68,0.0628,-0.2622,-2.25,2.0,NWS,,5847042a-3c19-4c4c-afb6-68e10ab775c5,2026-04-09T17:35:01Z,,2026-04-09T17:35:32Z,,,,
2026-04-09,KXLOWTCHI-26APR09-B52.5,Chicago,low,52.0,between,no,MIDWAY,32,1,0.68,0.0482,-0.2718,-3.75,2.0,NWS,,fbabd7da-259c-479f-a5d1-b0e4fa9cd7d1,2026-04-09T18:13:56Z,,,,,,
